estado,municipio,parroquia,old_centro,new_centro,address
276,AMAZONAS,ATURES,PARHUEÑA,SAN CARLOS DE PARHUEÑA,UNIDAD EDUCATIVA INTEGRAL BOLIVARIANA FELIX RAMON RIVAS,"SECTOR COMUNIDA LIMON DE PARHUENA FRENTE CALLE TRANSVERSAL. DERECHA SENDERO SENDERO. IZQUIERDA SENDERO SENDERO COMUNIDAD
LIMON DE PARHUEA CASA"
277,AMAZONAS,ATURES,PARHUEÑA,PAYARAIMA,ESCUELA PAYARAIMA,COMUNIDAD PAYARAIMA ENTRADA  DE CARRETERA NACIONAL AVENIDA PRINCIPAL
278,AMAZONAS,ATABAPO,CM. SAN FERNANDO DE ATABA,E.I.B. SAN FRANCISCO II,ESCUELA INTEGRAL BOLIVARIANA SAN FRANCISCO  DE ATABAPO II,SECTOR CENTRO 1 DERECHA  CALLE RIVAS. IZQUIERDA  CALLE BOLIVAR. FRENTE CALLE VENZUELA CALLE VENEZUELA S/N SAN FERNANDO DE ATABAPO EDIFICIO
279,AMAZONAS,AUTANA,SAMARIAPO,"UNIDAD EDUCATIVA 15
DE ENERO","ESCUELA
MORICHALITO  DE MORGANITO","CASERIO MORICHALITO DE MORGANITO
COMUNIDAD MORGANITO CERCA DEL PUERTO DE EMBARQUE MORGANITO"
8,ARAGUA,GIRARDOT,LAS DELICIAS,UNIVERSIDAD PEDAGOGICA MARACAY,"ACADEMIA TECNICA
9,ARAGUA,GIRARDOT,LAS DELICIAS,CORPOSALUD,"ACADEMIA TECNICA
10,ARAGUA,GIRARDOT,LAS DELICIAS,ESCUELA BASICA ANTONIO ARRAIZ,"ACADEMIA TECNICA
MILITAR BOLIVARIANA",AVENIDA BOLIVAR CRUCE CON PASEO  LAS DELICIAS
11,ARAGUA,GIRARDOT,LAS DELICIAS,CICLO BASICO ANDRES BELLO,"ACADEMIA TECNICA
MILITAR BOLIVARIANA",AVENIDA BOLIVAR CRUCE CON PASEO  LAS DELICIAS
12,ARAGUA,GIRARDOT,LAS DELICIAS,ESCUELA BASICA NACIONAL LAS DELICIAS,"ACADEMIA TECNICA
MILITAR BOLIVARIANA",AVENIDA BOLIVAR CRUCE CON PASEO  LAS DELICIAS
13,ARAGUA,GIRARDOT,LAS DELICIAS,"UNIDAD EDUCATIVA
PRIVADA INTERNACIONAL","ACADEMIA TECNICA
MILITAR BOLIVARIANA",AVENIDA BOLIVAR CRUCE CON PASEO  LAS DELICIAS
14,ARAGUA,GIRARDOT,LAS DELICIAS,"UNIDAD EDUCATIVA
PRIVADA COLEGIO DOCTOR GUSTAVO H MACHADO",ACADEMIA TECNICA MILITAR BOLIVARIANA,AVENIDA BOLIVAR CRUCE CON PASEO  LAS DELICIAS
15,ARAGUA,GIRARDOT,LAS DELICIAS,"UNIDAD EDUCATIVA
ESTADAL DOCTOR EMILIO MEDINA","ACADEMIA TECNICA
MILITAR BOLIVARIANA",AVENIDA BOLIVAR CRUCE CON PASEO  LAS DELICIAS
16,ARAGUA,GIRARDOT,MADRE MA DE SAN JOSE,CONSERVATORIO DE MUSICA,"ACADEMIA TECNICA
MILITAR BOLIVARIANA",AVENIDA BOLIVAR CRUCE CON PASEO  LAS DELICIAS
17,ARAGUA,GIRARDOT,MADRE MA DE SAN JOSE,ESCUELA BASICA GREGORIA DIAZ,"ACADEMIA TECNICA
MILITAR BOLIVARIANA",AVENIDA BOLIVAR CRUCE CON PASEO  LAS DELICIAS
18,ARAGUA,GIRARDOT,MADRE MA DE SAN JOSE,SAPANA,"ACADEMIA TECNICA
MILITAR BOLIVARIANA",AVENIDA BOLIVAR CRUCE CON PASEO  LAS DELICIAS
19,ARAGUA,GIRARDOT,MADRE MA DE SAN JOSE,LICEO NACIONAL AGUSTIN CODAZZI,"ACADEMIA TECNICA
MILITAR BOLIVARIANA",AVENIDA BOLIVAR CRUCE CON PASEO  LAS DELICIAS
20,ARAGUA,GIRARDOT,MADRE MA DE SAN JOSE,BIBLIOTECA VIRTUAL,"ACADEMIA TECNICA
MILITAR BOLIVARIANA",AVENIDA BOLIVAR CRUCE CON PASEO LAS DELICIAS
21,ARAGUA,GIRARDOT,MADRE MA DE SAN JOSE,ESCUELA BASICA VICTOR MANUEL PATIO,"ACADEMIA TECNICA
MILITAR BOLIVARIANA",AVENIDA BOLIVAR CRUCE CON PASEO  LAS DELICIAS
22,ARAGUA,GIRARDOT,MADRE MA DE SAN JOSE,UNIDAD EDUCATIVA NACIONAL ARAGUA,"ACADEMIA TECNICA
MILITAR BOLIVARIANA",AVENIDA BOLIVAR CRUCE CON PASEO  LAS DELICIAS
23,ARAGUA,GIRARDOT,MADRE MA DE SAN JOSE,COLEGIO HUMBOLT,UNIDAD EDUCATIVA NACIONAL BOLIVARIANO FELIPE GUEVARA ROJAS,SECTOR CASCO CENTRAL DERECHA AVENIDA BOLIVAR. IZQUIERDA AVENIDA MIRANDA. FRENTE AVENIDA JUNIN FRENTE AL REGISTRO PRINCIPAL DEL ESTADO ARAGUA EDIFICIO
24,ARAGUA,GIRARDOT,MADRE MA DE SAN JOSE,"ALDEA UNIVERSITARIA
ANTONIO JOSE DE SUCRE","ACADEMIA TECNICA
MILITAR BOLIVARIANA",AVENIDA BOLIVAR CRUCE CON PASEO  LAS DELICIAS
25,ARAGUA,GIRARDOT,MADRE MA DE SAN JOSE,"ESCUELA DE ARTE
DRAMATICO SEDE ARAGUA","ACADEMIA TECNICA
MILITAR BOLIVARIANA",AVENIDA BOLIVAR CRUCE CON PASEO  LAS DELICIAS
26,ARAGUA,GIRARDOT,JOAQUIN CRESPO,CENTRO JUVENIL PIÑONAL,PREESCOLAR PIÑONAL,SECTOR PIÑONAL IZQUIERDA AVENIDA CIRCUNVALACION. FRENTE CALLE BRICENO MENDEZ. DERECHA CALLEJÓN RESIDENCIAS ACADEMIA DE BOXEO JUAN NAMIAS EDIFICIO
27,ARAGUA,GIRARDOT,JOSE CASANOVA GODOY,ESCUELA BASICA LUCAS GUILLERMO CASTILLO,UNIDAD EDUCATIVA SIMON BOLIVAR,BARRIO BOLIVAR 1 IZQUIERDA AVENIDA BERMUDEZ. FRENTE AVENIDA ARAGUA. DERECHA CALLE SIMON RODRIGUEZ  FRENTE CC MARACAY PLAZA CASA
28,ARAGUA,GIRARDOT,JOSE CASANOVA GODOY,ESCUELA PRIVADA ACADEMOS,UNIDAD EDUCATIVA SIMON BOLIVAR,BARRIO BOLIVAR 1 IZQUIERDA AVENIDA BERMUDEZ. FRENTE AVENIDA ARAGUA. DERECHA CALLE SIMON RODRIGUEZ  FRENTE CC MARACAY PLAZA CASA
29,ARAGUA,JOSE FELIX RIBAS,CM. JUAN VICENTE BOLIVAR,CENTRO LA CASONA,ESCUELA BASICA NACIONAL CECILIO ACOSTA,"SECTOR LA OTRA BANDA FRENTE CALLE CANDELARIA SUR. IZQUIERDA SENDERO TERRENO PATIO DE BOLAS. DERECHA CAMINO SUPERMERCADO SOLIDARIO OTRA BANDA A 20
METROS DE EL PARQUE LA ESTACION  EDIFICIO"
30,ARAGUA,JOSE FELIX RIBAS,CASTOR NIEVES RIOS,UNIDAD EDUCATIVA NACIONAL LUIS AUGUSTO MACHADO,UNIDAD EDUCATIVA LUISA CASERES DE ARISMENDI,"HACIENDA  LA MORA FRENTE MANZANA  3, AL LADO DE LA ALCALDIA  DEL JOSE FELIX RIBAS"
31,ARAGUA,JOSE FELIX RIBAS,CASTOR NIEVES RIOS,CENTRO CAPACITACION ADULTOS ESTADAL CARMEN  PILAR FERNANDEZ,UNIVERSIDAD POLITECNICA TERRITORIAL DEL ESTADO ARAGUA FEDERICO BRITO FIGUEROA (UPTAFBF ),"AVENIDA UNIVERSIDAD DE LA VICTORIA, PARROQUIA CASTOR NIEVES RÍOS"
32,ARAGUA,SAN SEBASTIAN,CM. SAN SEBASTIAN,UNIDAD EDUCATIVA ESTADAL  RURAL  VALLE DE LA CRUZ,ESCUELA BASICA ESTADAL ANDRES RODRIGUEZ RAMIREZ,SECTOR EL POLVERO DERECHA CALLE ROMULO GALLEGOS. IZQUIERDA  CALLE PRINCIPAL. FRENTE CALLE LA PISTA 80 METROS DEL ESTADIUM MUNICIPAL EDIFICIO
33,ARAGUA,SAN SEBASTIAN,CM. SAN SEBASTIAN,"ESCUELA UNITARIA Nº
131",UNIDAD EDUCATIVA NACIONAL BRISAS DE MOSOCO,"SECTOR BRISAS DE MOSOCO DERECHA  CALLE TEO GALINDE. IZQUIERDA CALLE AURA DEL VALLE. FRENTE CALLE CALLE PRINCIPAL  DE LA ZONA INDUSTRIAL MODULO BARRIO ADENTRO A 100
METROS EDIFICIO"
34,ARAGUA,SAN SEBASTIAN,CM. SAN SEBASTIAN,ESCUELA ESPECIAL GUARATE,UNIDAD EDUCATIVA NACIONAL BRISAS DE MOSOCO,"SECTOR BRISAS DE MOSOCO DERECHA  CALLE TEO GALINDE. IZQUIERDA CALLE AURA DEL VALLE. FRENTE CALLE CALLE PRINCIPAL  DE LA ZONA INDUSTRIAL MODULO BARRIO ADENTRO A 100
METROS EDIFICIO"
35,ARAGUA,SUCRE,CM. CAGUA,PREESCOLAR NACIONAL BOLIVARIANO ANTONIO JOSE DE SU,UNIDAD EDUCATIVA NACIONAL MANUEL MANZO GORESTEGUI,"SECTOR TAMBORITO  DERECHA CALLE LOS COCOS.
IZQUIERDA  CALLE EL CANAL.  FRENTE CALLE SABANA LARGA FRENTE AL PARQUE EL ESTUDIANTE EDIFICIO"
36,ARAGUA,ZAMORA,CM. VILLA DE CURA,PREESCOLAR NACIONAL BOLIVARIANO LA REPRESA,ESCUELA BASICA MANUEL MORALES CARABAÑO,SECTOR EL TOQUITO IZQUIERDA AVENIDA PRINCIPAL. FRENTE AVENIDA AMADOR  BENDAYAN. DERECHA VEREDA 6 FRENTE A LA CANCHA EDIFICIO
37,ARAGUA,JOSE ANGEL LAMAS,CM. SANTA CRUZ,ESCUELA BASICA SANTOS ANIBAL DOMINICE,UNIDAD EDUCATIVA NACIONAL CARLOS RAMON APONTE,SECTOR CARRETERA NACIONAL VIA TURAGUA DERECHA CARRETERA NACIONAL. FRENTE CARRETERA VIA TURAGUA. IZQUIERDA  CALLEJÓN JARDINES DE TURAGUA  AL LADO DE LA URBANIZACION JARDINES DE TURAGUA EDIFICIO
38,ARAGUA,MARIO B IRAGORRY,CM. EL LIMON,ESCUELA BASICA NACIONAL 6 DE SEPTIEMBRE,CASA DEL PODER POPULAR  EL PASEO,URBANIZACIÓN EL PASEO DERECHA  AVENIDA 102. IZQUIERDA  CALLE #102. FRENTE CALLE #24 DETRAS DEL PREESCOLAR ANDRES ELOY BLANCO CASA
},ARAGUA,TOVAR,CM. COLONIA TOVAR,UNIDAD EDUCATIVA NACIONAL ELIZABET VONKELLER,UNIDAD EDUCATIVA SAN JOSE,SECTOR SAN JOSE CARRETERA COLONIA TOVAR LA VICTORIA.
40,ARAGUA,JOSE R REVENGA,CM. EL CONSEJO,UNIDAD EDUCATIVA NACIONAL MANUELA PERDOMO DE ALMEI,PREESCOLAR NACIONAL BOLIVARIANO SABANETA  EL CONSEJ,SECTOR LAS CASITAS  CALLE INDEPENDENCIA SIN MUMERO DERECHA CALLE LOS COCOS. FRENTE CALLE INDEPENDENCIA.  IZQUIERDA  PASAJE SIN NUMERO EL MODULO DE SERVICIO DE SABANETA
41,ARAGUA,FRANCISCO LINARES,CM. SANTA RITA,UNIDAD EDUCATIVA PRIVADA INTEGRAL AYACUCHO,UNIDAD EDUCATIVA ESTADAL NUESTRA SEÑORA DE COROMOT,BARRIO JOSE CASANOVA  GODOY DERECHA CALLE PARAMACONY.  IZQUIERDA  CALLE JULIAN VARGAS. FRENTE CALLE SUCRE IGLESIA SAN JOSE OBRERO EDIFICIO
42,ARAGUA,FRANCISCO LINARES,MONS FELICIANO G,ESCUELA BASICA REYNA DE VAZQUEZ,ESCUELA BASICA PARAPARAL  II,URBANIZACIÓN PARAPARAL FRENTE AVENIDA PRINCIPAL. DERECHA CALLE MANZANA  N. IZQUIERDA  CALLE MANZANA  M CERCA DE LA ESCUELA BASICA REINA DE VAZQUEZ EDIFICIO
43,ARAGUA,FRANCISCO LINARES,MONS FELICIANO G,CIELO ABIERTO SIMON BOLIVAR II,PREESCOLAR NACIONAL MARACAY I.,URBANIZACIÓN PARAPARAL  I IZQUIERDA AVENIDA PRINCIPAL  PARAPARAL I. DERECHA  CALLE EL CANAL. FRENTE CALLE LOS CEDROS  IGLESIA SANTO TOMAS APOSTOL EDIFICIO
44,BARINAS,ARISMENDI,ARISMENDI,"ESCUELA ESTADAL
UNITARIA FLOR AMARILLO NUCLEO ESCOLAR RURAL NUMERO 04",ESCUELA CONCENTRADA GUANARE  VIEJO 1,"SECTOR FLOR AMARILLO CARRETERA PRINCIPAL A
10 MINUTOS DE EL CENTRO DE VOTACION ESCUELA ESTADAL UNITARIA FLOR AMARILLO"
45,BARINAS,ARISMENDI,LA UNION,ESCUELA ESTADAL UNITARIA EL GUASIMO,CASA DE REFUGIO ANA HERRERA,SECTOR EL GUASIMO  FRENTE AL RIO GUANARE AL LADO DEL PASO A 50 METROS DE CENTRO DE VOTACION ESCUELA ESTADAL UNITARIA EL GUASIMO PARROQUIA  LA UNION
46,CARABOBO,JUAN JOSE MORA,URAMA,MEDICATURA  RURAL DE URAMA,UNIDAD EDUCATIVA URAMA,"CASERÍO  EL SALADO  FRENTE CALLE PRINCIPAL. IZQUIERDA PROLONGACIÓN CALLE PRINCIPAL.
DERECHA  CALLEJÓN  FAMILIA HERNANDEZ DIAGONAL A MULTISERVICIOS ROJAS EDIFICIO"
47,CARABOBO,SAN JOAQUIN,SAN JOAQUIN,ESCUELA PRIMARIA BOLIVARIANA LA PRADERA,ESCUELA BOLIVARIANA ROMERO GARCIA,SECTOR BOQUITA CENTRO DERECHA CALLE CENTRO. IZQUIERDA  CALLE GIRARDOT.  FRENTE CALLE MIRANDA  DETRÁS DE EMPRESA HEINZ EDIFICIO
48,CARABOBO,VALENCIA,SAN JOSE,UNIDAD EDUCATIVA PRIVADO SAGRADO CORAZON,GRUPO ESCOLAR REPUBLICA DEL PERU,SECTOR ANZOATEGUI 93-55 DERECHA CALLE CANTAURA. IZQUIERDA CALLE SILVA. FRENTE  CALLE ANZOATEGUI FRENTE AL CENTRO COMERCIAL EL AGUILA CASA
49,CARABOBO,VALENCIA,SAN JOSE,UNIDAD ESCOLAR ALFREDO COLOMINE,GRUPO ESCOLAR EUTIMIO RIVAS,"SECTOR LOPEZ CRUCE CON AVENIDA PADRE
ALFONZO 109 A-67 DERECHA  CALLE PLAZA. IZQUIERDA  CALLE LOPEZ. FRENTE CALLE PADRE ALFONZO FRENTE A LA PLAZA LOS ALMENDRONES CASA"
50,CARABOBO,VALENCIA,SAN JOSE,COLEGIO NUESTRA SEÑORA DE LOURDES,COLEGIO CALASANZ,URBANIZACIÓN CALLE LOPEZ LATOUCHE  DERECHA AVENIDA BOLIVAR. FRENTE CALLE LOPEZ LATOUCHE. IZQUIERDA CALLEJÓN PREBOL ANEXO A LA CRUZ ROJA EDIFICIO
51,CARABOBO,VALENCIA,SAN JOSE,ESCUELA BOLIVARIANA PEDRO CASTILLO,ESCUELA BASICA NACIONAL FERNANDO PEÑALVER,SECTOR CANDELARIA CALLE COMERCIO CON ANDRES BELLO DERECHA  CALLE ESCALONA. IZQUIERDA  CALLE ANDRES BELLO. FRENTE CALLE COMERCIO A 800 METROS DE LA LARA FIGUEREDO EDIFICIO
52,CARABOBO,VALENCIA,RAFAEL URDANETA,INCE LA ISABELICA,ESCUELA BASICA BOLIVARIANA ELEAZAR BERACIERTO,URBANIZACIÓN ISABELICA SECTOR  3 DERECHA CALLE CORE 2. FRENTE TRANSVERSAL 2. IZQUIERDA CAMINO DEL SECTOR 2 AL LADO DE LA IGLESIA SAGRADO CORAZON DE JESUS Y A DOS CUADRAS DEL CORE 2. EDIFICIO
53,CARABOBO,VALENCIA,RAFAEL URDANETA,UNIDAD EDUCATIVA JOSE AUSTRIA,ESCUELA BASICA NACIONAL GENERAL RAFAEL URDANETA,"URBANIZACIÓN ISABELICA, AVENIDA  ESTE-OESTE 3
FRENTE AVENIDA ESTE OESTE. DERECHA  CALLE ESTACIONAMIENTO BLOQUE 62. IZQUIERDA CALLE
06 AVENIDA ESTE-OESTE 3, URBANIZACION LA ISABELICA VALENCIA EDIFICIO"
54,CARABOBO,VALENCIA,RAFAEL URDANETA,UNIDAD EDUCATIVA NACIONAL BARRIO  LA TRINIDAD,UNIDAD EDUCATIVA NACIONAL BOLIVARIANA MERCEDES SANTANA,"URBANIZACIÓN ISABELICA SECTOR  3, TRANSVERSAL
1 DERECHA TRANSVERSAL SECTOR  3. FRENTE TRANSVERSAL 1. IZQUIERDA PROLONGACIÓN SECTOR 1 SECTOR 3 TRANSVERSAL 1, NUMERO 19 LA ISABELICA VALENCIA EDIFICIO"
55,CARABOBO,VALENCIA,RAFAEL URDANETA,ESCUELA BASICA LUIS SANOJO,UNIDAD EDUCATIVA CARABOBO,"URBANIZACIÓN ISABELICA, SECTOR ESTE-OESTE IZQUIERDA  CALLE ESTE-OESTE. FRENTE CALLEJÓN DEL BLOQUE 40. DERECHA VEREDA DEL BLOQUE 39
A 10 METROS DEL PEREFERICO LA ISABELICA Y AL FRENTE DEL LICEO ANTONIO SANDOVAL EDIFICIO"
56,CARABOBO,LOS GUAYOS,U LOS GUAYOS,UNIDAD EDUCATIVA JACINTO  LARA III,PRE-ESCOLAR BATALLA DE JUNIN,SECTOR 2 FRENTE TRANSVERSAL 2. DERECHA CALLEJÓN 1. IZQUIERDA  VEREDA 2 AL LADO DE CUERPO DE BOMBEROS DEL SECTOR 2 DE LA VIVIENDA POPULAR LOS GUAYOS EDIFICIO
57,CARABOBO,LOS GUAYOS,U LOS GUAYOS,LICEO NACIONAL PABLO NERUDA,PRE-ESCOLAR BATALLA DE JUNIN,SECTOR 2 FRENTE TRANSVERSAL 2. DERECHA CALLEJÓN 1. IZQUIERDA  VEREDA 2 AL LADO DE CUERPO DE BOMBEROS DEL SECTOR 2 DE LA VIVIENDA POPULAR LOS GUAYOS EDIFICIO
58,CARABOBO,LOS GUAYOS,U LOS GUAYOS,NAPIS DE GARCILLERA  III,ESCUELA BASICA NACIONAL BOLIVARIANA LAS AGUITAS III,SECTOR LAS AGUITAS SECTOR  02 DERECHA CALLE LIBERTADOR. IZQUIERDA  CALLE CELIO CELLI UBICADO EL LADO DEL BARRIO ANGEL MARIA POLANCO. FRENTE CALLE 06 AL LADO DEL BARRIO ANGEL MARIA POLANCO EDIFICIO
59,CARABOBO,LOS GUAYOS,U LOS GUAYOS,ESCUELA NACIONAL BOLIVARIANA LA MILAGROSA,UNIDAD EDUCATIVA ANTONIO JOSE DE SUCRE,"URBANIZACIÓN VIVIENDA POPULAR LOS GUAYOS SECTOR 2 SEGUNDA ETAPA DERECHA AVENIDA 01.
IZQUIERDA AVENIDA 02. FRENTE CALLE 06
DIAGONAL ANTIGUA CASA DE LA CULTURA  HOY EN DIA FUNDACION DEL NIÑO EDIFICIO"
60,CARABOBO,NAGUANAGUA,NAGUANAGUA,UNIDAD EDUCATIVA DOCTOR JOSE MARIA GIL,ESCUELA JOSE FELIX SOSA,URBANIZACIÓN CAPRENCO DERECHA CALLE AERONAUTICA.  IZQUIERDA CALLE TRANSITO. FRENTE CALLE 188 URBANIZACION CAPRENCO EDIFICIO
61,CARABOBO,NAGUANAGUA,NAGUANAGUA,UNIDAD EDUCATIVA MARIBEL CABALLERO DE TIRADO,ESCUELA BOLIVARIANA MONTALBAN,"BARRIO LA CIDRA DERECHA CALLE SAN MARTIN
192D. IZQUIERDA  CALLE GUZMAN BLANCO 193. FRENTE CALLE SAN MIGUEL 111-B DIAGONAL AL CENTRO COMERCIAL EL NARANJAL  NAGUANAGUA EDIFICIO"
62,CARABOBO,NAGUANAGUA,NAGUANAGUA,UNIDAD EDUCATIVA NACIONAL MANUEL ANTONIO MALPICA,ESCUELA MARIA TERESA CORONEL,SECTOR TARAPIO DERECHA AVENIDA MONSENOR LUCIO 190. FRENTE AVENIDA LOS ROSALES. IZQUIERDA  CALLE LOS MANGOS 189 DIAGONAL AL ANCIANATO SAN MARTIN DE PORRES EDIFICIO
63,CARABOBO,SAN DIEGO,URB SAN DIEGO,UNIDAD EDUCATIVA PRIVADO VIRGEN DE COROMOTO,INSTITUTO UNIVERSITARIO DE TECNOLOGIA DE SEGURIDAD INDUSTRIAL,SECTOR LOS HARALES AVENIDA DON JULIO CENTENO FRENTE AVENIDA DON JULIO CENTENO. DERECHA  VEREDA LOS ARALES 2. IZQUIERDA VEREDA LOS ARALES 1 FRENTE AL CENTRO COMERCIAL METROPLAZA EDIFICIO
64,CARABOBO,SAN DIEGO,URB SAN DIEGO,UNIDAD EDUCATIVA ESTADAL SANTIAGO MARIÑO,UNIDAD EDUCATIVA LOS MAGALLANES,URBANIZACIÓN POPULAR LOS MAGALLANES CALLE PALMIRA DERECHA  CALLE VALENCEY. FRENTE CALLE PALMIRA. IZQUIERDA CALLEJÓN 23 DE ENERO CANCHA DE LA COMUNIDAD LOS MAGALLANES EDIFICIO
65,CARABOBO,SAN DIEGO,URB SAN DIEGO,UNIDAD EDUCATIVA CREACION SAN DIEGO NORTE,ESCUELA BASICA BOLIVARIANA LA LUZ (NUCLEO ESCOLAR RURAL 49),SECTOR LA CUMACA LA LUZ CALLE LAS TERRAZAS IZQUIERDA  AVENIDA CARRETERA VIEJA NACIONAL SAN DIEGO YAGUA.  FRENTE CALLE LAS TERRAZAS. DERECHA VEREDA CASA DE FAMILIA 50 METROS DEL TUNEL LA LUZ CASA
66,CARABOBO,SAN DIEGO,URB SAN DIEGO,ESCUELA BASICA NACIONALCLORINDA AZCUÑES,UNIDAD EDUCATIVA NACIONAL CAMPO SOLO,SECTOR AVENIDA PRINCIPAL CAMPO SOLO CRUCE CON PRIMERA TRANSVERSAL CAMPO SOLO FRENTE AVENIDA PRINCIPAL CAMPO SOLO. DERECHA TRANSVERSAL CASA DE FAMILIA. IZQUIERDA VEREDA CASA DE FAMILIA 100 METROS DEL GEDIATRICO  MI REFUGIO CASA
67,COJEDES,RICAURTE,LIBERTAD DE COJEDES,ESCUELA CONCENTRADA NUMERO 15-35-89-156,LICEO ANTONIO LOZANO RICAURTE,"CASERÍO CAÑO HONDO  DERECHA CALLE MONARCA.  IZQUIERDA  CALLE CIRCUNVALACION. FRENTE CARRETERA NACIONAL VIA LAGUINITA AL DE LA ESCUELA CONCENTRADA NUMERO 15-35-89-
156"
68,COJEDES,EZEQUIEL ZAMORA,SAN CARLOS DE AUSTRIA,CENTRO DE EDUCACIÒN INICIAL EL PAUJIL,CENTRO DE EDUCACION INICIAL MARIA CASILDA FLORES,"CALLE PAEZ, ENTRE  CALLES SILVA Y MANRIQUE , FRENTE A LA PLAZA BOLIVAR, SECTOR CENTRO"
69,COJEDES,ROMULO GALLEGOS,ROMULO GALLEGOS,"ESCUELA  BASICA
NACIONAL  ESTEFANA GONZALEZ","ALDEA BOLIVARIANA
MARINA BETANCOURT","AV. UNIVERSIDAD, SECTOR LOS COCOS, FRENTE AL URBANISMO  JOSE FELIX RIBAS"
70,FALCON,CARIRUBANA,NORTE,SALON DE USOS MULTIPLES INGENIERO CARLOS MILANO,ESCUELA BÁSICA ANTIGUO AEROPUERTO,"URBANIZACIÓN ANTIGUO AEROPUERTO DERECHA CALLE NUMERO  14. IZQUIERDA  CALLE NUMERO 11.
FRENTE CALLE NUMERO  22 SECTOR 2 CASA"
71,FALCON,DEMOCRACIA,AVARIA,ESCUELA BASICA TUPURE,ESCUELA BASICA ESTADAL  LA CAMPANA,CASERÍO LA CAMPANA DERECHA SENDERO TERRENO BALDIO. IZQUIERDA SENDERO TERRENO ENMONTADO. FRENTE PICA PRINCIPAL SECTOR LA ESCUELA CASA
72,FALCON,MIRANDA,SAN ANTONIO,AMBULATORIO TIPO I ZUMURUCUARE,BASE DE MISIONES GRAN MARISCAL DE AYACUCHO,"SECTOR ZUMURUCUARE, IZQUIERDA CREPUSCULO CORIANO, FRENTE AVENIDA CHEMA SAHER, DERECHA  CALLE PRINCIPAL ZUMURUCUARE."
73,FALCON,MIRANDA,SAN GABRIEL,CENTRO DE EDUCACION INICIAL CIUDAD DE CORO,UNIDAD EDUCATIVA NACIONAL CIUDAD DE CORO,SECTOR PANTANO CENTRO DERECHA CALLE NORTE.  IZQUIERDA  CALLE MIRANDA. FRENTE CALLEJÓN  ITURBE AL LADO DEL CENTRO DE EDUCACION INICIAL CIUDAD DE CORO EDIFICIO
74,GUARICO,ORTIZ,ORTIZ,CICLO COMBINADO BEATRIZ DE RODRIGUEZ,ESCUELA BASICA JUAN GERMAN ROSCIO,SECTOR CASCO CENTRAL IZQUIERDA AVENIDA BOLIVAR. DERECHA CALLE SANTA ROSA. FRENTE CALLE SAN JUAN FRENTE A LA PLAZA BOLIVAR EDIFICIO
75,LARA,IRIBARREN,CATEDRAL,LICEO BOLIVARIANO MARIO BRICEÑO IRAGORRY,ESCUELA NACIONAL BOLIVARIANA BARARIDA,URBANIZACIÓN  BARADIDA DERECHA AVENIDA LIBERTADOR. FRENTE AVENIDA MORAN. IZQUIERDA CALLE DOS AL LADO DE LAS OFICINAS DEL MINISTERIO DEL PODER POPULAR  PARA LAS OBRAS PUBLICAS Y VIVIENDA EDIFICIO
76,LARA,IRIBARREN,CATEDRAL,"HOGAR CACHORRITOS
11 Y 12 EL JEBE","UNIDAD EDUCATIVA
ESTADAL SIMON BOLIVAR","BARRIO EL JEBE FRENTE AVENIDA PRINCIPAL.
DERECHA  CALLE 9. IZQUIERDA CALLE 8 A 50
METROS DEL MODULO POLICIAL CASA"
77,LARA,IRIBARREN,CATEDRAL,CANCHA TECHADA LA LAGUNITA,CASA COMUNAL LA LAGUNITA,BARRIO: LA LAGUNITA.  FRENTE CARRERA 8. IZQUIERDA  CALLE 1. DERECHA  CALLE 2. REFERENCIA A 150 METROS CANCHA TECHADA  LA LAGUNITA
78,LARA,IRIBARREN,LA CONCEPCION,CICLO BASICO INDUSTRIAL LARA,GRUPO ESCOLAR  JOSE GREGORIO HERNANDEZ,"URBANIZACIÓN TEREPAIMA DERECHA  AVENIDA VENEZUELA. FRENTE CALLE 30. IZQUIERDA CARRERA
28 AL FRENTE DE LA IGLESIA CATEDRAL  CASA"
79,LARA,IRIBARREN,LA CONCEPCION,LICEO BOLIVARIANO RAFAEL VILLAVICENCIO,CENTRO PREESCOLAR MADRE TERESA DE CALCUTA,"URBANIZACIÓN SANTA EDUVIGE FRENTE CALLE 55. DERECHA CARRERA 22. IZQUIERDA CARRERA 23 A
400 METROS DEL HOSPITAL QUIRURGICO MEDICO PRIVADO CASA"
80,LARA,IRIBARREN,LA CONCEPCION,UNIDAD EDUCATIVA COLEGIO SAN PEDRO,GRUPO ESCOLAR PABLO MANZANO VELOZ,BARRIO BARRIO NUEVO  IZQUIERDA  CALLE 60. DERECHA CARRERA 15. FRENTE CARRERA 15 FRENTE A LA PLAZA FRANCISCO  DE MIRANDA EDIFICIO
81,LARA,IRIBARREN,LA CONCEPCION,UNIDAD EDUCATIVA JOSE MARIA DOMINGUEZ,UNIDAD EDUCATIVA LAS BRISAS,"SECTOR LAS BRISAS FRENTE  AVENIDA  SAN VICENTE.
DERECHA  CALLE DE TIERRA. IZQUIERDA PROLONGACIÓN SUR DE LA CALLE 52 A 50 METROS DE LA AVENIDA  SAN VICENTE EDIFICIO"
82,LARA,IRIBARREN,LA CONCEPCION,ESCUELA BASICA EL OBELISCO,"UNIDAD EDUCATIVA NACIONAL OBELISCO
2","URBANIZACIÓN: EL OBELISCO. FRENTE CALLE 54. IZQUIERDA CARRERA 25. DERECHA CARRERA 23.
REFERENCIA  AL LADO DEL LICEO OBELISCO I"
83,LARA,IRIBARREN,LA CONCEPCION,UNIDAD NACIONAL SAN FRANCISCO JAVIER,COLEGIO NACIONAL DE PERIODISTAS,SECTOR CARRERA 15 CON CALLE 60 DERECHA CALLE TASCA DEL PERIODISTA. IZQUIERDA  CALLE CASA. FRENTE CALLE PLAZA MIRANDA DIAGONAL A LA PLAZA MIRANDA QUINTA
84,LARA,IRIBARREN,LA CONCEPCION,U.E.N. JOSE GIL FORTOUL,UNIDAD EDUCATIVA ESTADAL  ARTE INFANTIL JULIO TEODOORO  ARZE,SECTOR LA ROTARIA IZQUIERDA CALLE 59. FRENTE CARRERA 15 FRENTE PLAZA MIRANDA CASA
85,LARA,IRIBARREN,LA CONCEPCION,GRUPO ESCOLAR NACIONAL AYACUCHO,FUNDACION MUNICIPAL DEL NIÑO,"SECTOR LA ESTACION  FRENTE AVENIDA VENEZUELA. DERECHA  CALLE 30. IZQUIERDA CALLE
29 A 50 METROS DE LA AVENIDA  VENEZUELA
EDIFICIO"
86,LARA,IRIBARREN,SANTA ROSA,ESCUELA TECNICA COMERCIAL DOCTOR AMBROSIO PERERA,UNIDAD EDUCATIVA COLEGIO SAN VICENTE DE PAUL,"URBANIZACIÓN EL PARQUE FRENTE AVENIDA LARA.
DERECHA  CALLE 1. IZQUIERDA CALLE PRINCIPAL AVENIDA LARA FRENTE AL CENTRO COMERCIAL CHURUM  MERU EDIFICIO"
87,LARA,IRIBARREN,SANTA ROSA,COLEGIO PRIVADO LAS FUENTES,UNIDAD EDUCATIVA MARIA LEDEZMA,SECTOR CARRERA 3 ENTRE CALLES 7 Y 8 PRIMERA ETAPA DEL UJANO DERECHA  CALLE 8. IZQUIERDA CALLE 7. FRENTE CARRERA 3 A 150 METROS DEL HOSPITAL MILITAR EDIFICIO
88,LARA,IRIBARREN,SANTA ROSA,COLEGIO PABLO  VI,UNIDAD EDUCATIVA COLEGIO SAN VICENTE DE PAUL,"URBANIZACIÓN EL PARQUE FRENTE AVENIDA LARA.
DERECHA  CALLE 1. IZQUIERDA CALLE PRINCIPAL AVENIDA LARA FRENTE AL CENTRO COMERCIAL CHURUM  MERU EDIFICIO"
89,LARA,IRIBARREN,UNION,ESCUELA BASICA EL CARMEN,UNIDAD EDUCATIVA DR FORTUNATO ORELLANA,BARRIO EL CARMEN  FRENTE CALLE 9. DERECHA CARRERA 2. IZQUIERDA CARRERA 1 FRENTE A LA CAPILLA NUESTRA SENORA  DEL CARMEN CASA
90,LARA,IRIBARREN,JUAN DE VILLEGAS,"UNIDAD EDUCATIVA
ESTATAL MIGUEL ROMERO ANTONI",ESCUELA BASICA ZARINA DE AZUAJE,AVENIDA LOS HORCONES CON CALLE 20 DE BARRUIO PUEBLO NUEVO
91,LARA,IRIBARREN,JUAN DE VILLEGAS,JEFATURA CIVIL JUAN DE VILLEGAS,UNIDAD EDUCATIVA CASTA J RIERA,"URBANIZACIÓN RAFAEL CALDERA FRENTE AVENIDA
5. DERECHA  CALLE 2. IZQUIERDA CALLE 1 A 300
METROS DE LA CANCHA DEPORTIVA CASA"
92,LARA,IRIBARREN,JUAN DE VILLEGAS,CENTRO DIAGNOSTICO INTEGRAL LOS OLIVOS,UNIDAD EDUCATVA BERNABE PLANAS,"BARRIO LA PLAYA DERECHA  CALLE 9. FRENTE CALLE
8. IZQUIERDA CARRERA 6 A 200 METROS DEL SUPERMECADO SANTA ROSA EDIFICIO"
93,LARA,IRIBARREN,JUAN DE VILLEGAS,CANCHA TECHADA JOSE GREGORIO HERNANDEZ II,UNIDAD EDUCATIVA MARIA CONCEPCION PALACIOS,BARRIO JOSE G HERNANDEZ DERECHA AVENIDA PRINCIPAL. IZQUIERDA  AVENIDA PRINCIPAL. FRENTE AVENIDA PRINCIPAL DEL BARRIO JOSE GREGORIO HERNENDEZ  DIAGONAL  AL FRIGORIFICO NUEVA AVENIDA CASA
94,LARA,IRIBARREN,AGUEDO FELIPE ALVARADO,ESCUELA BASICA ALTOS DE MUCURAGUA,ESCUELA NACIONAL BOLIVARIANA MEDIA JORNADA DON MANUEL MELENDEZ,CASERÍO ALTOS DE MUCURAGUA DERECHA CARRETERA  VIA A SANTA RITA. FRENTE CARRETERA PRINCIPAL  VIA SANTA RITA. IZQUIERDA SENDERO DE LA CARRETERA PRINCIPAL DE MUCURAGUA DIAGONAL A LA CAPILLA ALTOS DE MUCURAGUA CASA
95,LARA,JIMENEZ,JUAN B RODRIGUEZ,CASA COMUNAL BARRIO LIBERTADOR,UNIDAD EDUCATIVA NACIONAL RICARDO ARCADIO YEPEZ,BARRIO LA ERMITA FRENTE AVENIDA PEDRO LEON TORRES. DERECHA CARRERA 23. IZQUIERDA CARRERA 22 A 20 METROS DE LA CANCHA MULTIPLE CASA
96,LARA,PALAVECINO,CABUDARE,COMPLEJO CULTURAL ANDRES ELOY BLANCO CASA DE LA CULTURA,LICEO BOLIVARIANO HECTOR ROJAS MEZA,SECTOR LA MATA FRENTE AVENIDA FINAL AVENIDA LA MATA. DERECHA  CALLE 9. IZQUIERDA  CALLE 10 A MEDIA CUADRA DE LA CASA DE LA CULTURA  CASA
97,LARA,PALAVECINO,JOSE G. BASTIDAS,CASA COMUNAL LA HACIENDA,ESCUELA BOLIVARIANA NACIONAL DOCTOR JUAN DE DIOS PONTE,SECTOR LA MONTANA FRENTE AVENIDA AVENIDA PRINCIPAL SECTOR  LA MONTANA. DERECHA CALLE PRINCIPAL. IZQUIERDA CALLE LA GALERIA FRENTE A LA VICARIA SANTO DOMINGO DE GUZMAN CASA
98,LARA,PALAVECINO,JOSE G. BASTIDAS,UNIDAD EDUCATIVA OMAIRA SEQUERA SALAS,ESCUELA BOLIVARIANA FRANCISCO  DE PAULA BRICEÑO,SECTOR PIEDAD NORTE DERECHA  CALLE CALLE 2. IZQUIERDA  CALLE CALLE 1. FRENTE CARRETERA AUTOPISTA CENTRAL LOS LLANOS KM 6 AL LADO DE LA PASARELA LA PIEDAD  CASA
99,LARA,PALAVECINO,JOSE G. BASTIDAS,UNIDAD EDUCATIVA COLEGIO MARIA SANTISIMA,UNIDAD EDUCATIVA BOLIVARIANA LA PIEDAD,SECTOR LA PIEDAD SUR DERECHA CALLE PRINCIPAL. IZQUIERDA  CALLE EDGAR MENDOZA. FRENTE CALLE FINAL CALLE 1 A 100 METROS  DE LA IGLESIA LA PIEDAD SUR CASA
100,LARA,TORRES,TRINIDAD SAMUEL,GIMNASIO CUBIERTO EL PENTAGONO,ESCUELA BOLIVARIANA CARLOS SAMPAYO,URBANIZACIÓN JACINTO LARA FRENTE AVENIDA PASTOR OROPEZA. DERECHA  CALLE PRINCIPAL. IZQUIERDA  CALLE B A 150 METROS DE LA PANADERIA JACINTO  LARA CASA
101,LARA,URDANETA,SAN MIGUEL,GRUPO ESCOLAR PIO TAMAYO,UNIDAD EDUCATIVA NACIONAL JUAN A RODRIGUEZ DOMINGUEZ,SECTOR AGUADA GRANDE FRENTE CALLE COMERCIO. DERECHA  CALLEJÓN VIA BARRIO NUEVO. IZQUIERDA  CALLEJÓN VIA BARRIO  LA MANGA  FRENTE AL TERMINAL CASA
102,LARA,SIMON PLANAS,SARARE,CASA COMUNAL EL MILAGRO 2,"SIMONCITO COMUNITARIO JESUS, MARIA Y JOSE","SECTOR EL MILAGRO  2 DERECHA AVENIDA 6. IZQUIERDA AVENIDA 7. FRENTE CALLE 7 A 150
METROS DEL CONSULTORIO POPULAR DE BARRIO"
103,MERIDA,ALBERTO ADRIANI,PTE. ROMULO GALLEGOS,CENTRO EDUCATIVO NACIONAL DOCTOR ARTURO USLAR PIETRI,"LICEO BOLIVARIANO
19 DE ABRIL",SECTOR ROSA VIRGINIA ENTRANDO POR FARMATODO 150 METROS ABAJO
104,MERIDA,ALBERTO ADRIANI,PTE. ROMULO GALLEGOS,ESCUELA PRESBISTERO JOSE IGNACIO OLIVARES,LICEO BOLIVARIANO EL VIGIA,"URBANIZACIÓN BUENOS AIRES FRENTE AVENIDA 3
PRINCIPAL. DERECHA CALLE 4. IZQUIERDA CALLE 3
URBANIZACION BUENOS AIRES CALLE PRINCIPAL EDIFICIO"
105,MERIDA,ALBERTO ADRIANI,PTE. ROMULO GALLEGOS,UNIDAD EDUCATIVA BOLIVARIANA PRIMERO DE MAYO,"LICEO BOLIVARIANO
19 DE ABRIL",SECTOR ROSA VIRGINIA ENTRANDO POR FARMATODO 150 METROS ABAJO
106,MERIDA,ALBERTO ADRIANI,PRESIDENTE BETANCOURT,LICEO DOCTOR ALBERTO ADRIANI,ESCUELA ESTADAL OFELIA TANCREDI DE CORREDOR,BARRIO LA PLAYA IZQUIERDA CALLE VIA LA CONQUISTA. FRENTE CALLE PRINCIPAL. DERECHA SENDERO PARQUE LA GUACAMAYA CALLE PRINCIPAL  LA PLAYA EL VIGIA CASA
107,MERIDA,ALBERTO ADRIANI,PRESIDENTE PAEZ,UNIDAD EDUCATIVA BOLIVARIANA SUR AMERICA,GRUPO ESCOLAR LIBERTADOR BOLIVAR,BARRIO BOLIVAR FRENTE AVENIDA 2. DERECHA CALLE 3. IZQUIERDA CALLE 2 CALLE PRINCIPAL BARRIO BOLIVAR EL VIGIA EDIFICIO
108,MERIDA,ALBERTO ADRIANI,PRESIDENTE PAEZ,UNIDAD EDUCATIVA MAURICIO ENCINOSO,UNIDAD EDUCATIVA BOLIVARIANA LUISA CACERES DE ARISMENDI,SECTOR KILOMETRO 9 DERECHA AVENIDA PANAMERICANA.  FRENTE CALLE PRINCIPAL. IZQUIERDA CAMINO SECTOR  EL 9 KILOMETRO 9 VIA PRINCIPAL. A 100 METROS DEL FUERTE CARIBAY CASA
109,MERIDA,ALBERTO ADRIANI,PRESIDENTE PAEZ,COLEGIO PRIVADO ROMULO GALLEGOS,GRUPO ESCOLAR LIBERTADOR BOLIVAR,BARRIO BOLIVAR FRENTE AVENIDA 2. DERECHA CALLE 3. IZQUIERDA CALLE 2 CALLE PRINCIPAL BARRIO BOLIVAR EL VIGIA EDIFICIO
110,MERIDA,ALBERTO ADRIANI,PRESIDENTE PAEZ,JARDIN DE INFANCIA MAURICIO ENCINOSO,ESCUELA ESTADAL ESPERANZA BOLIVARIANA,"SECTOR LUCHA BOLIVARIANA IZQUIERDA AVENIDA PRINCIPAL. DERECHA CALLE PRINCIPAL. FRENTE CALLE LIBERTAD CALLE LA LIBERTAD A 1.000
METROS  DE LA GUARDIA  NACIONAL CASA"
111,MERIDA,ALBERTO ADRIANI,PRESIDENTE PAEZ,COLEGIO DOCTOR RAMON REINOSO NUÑEZ,"UNIDAD EDUCATIVA
12 DE FEBRERO","URBANIZACIÓN BUBUQUI III DERECHA AVENIDA 15. FRENTE CALLE PRINCIPAL BUBUQUI III. IZQUIERDA VEREDA URBANIZACION BUBUQUI III URBANIZACION BUBUQUI III, CALLE PRINCIPAL ANTES DEL BLOQUE 7 EDIFICIO"
112,MERIDA,ALBERTO ADRIANI,PRESIDENTE PAEZ,ESCUELA BOLIVARIANA NACIONAL 24 DE JULIO,"UNIDAD EDUCATIVA
12 DE FEBRERO","URBANIZACIÓN BUBUQUI III DERECHA AVENIDA 15. FRENTE CALLE PRINCIPAL BUBUQUI III. IZQUIERDA VEREDA URBANIZACION BUBUQUI III URBANIZACION BUBUQUI III, CALLE PRINCIPAL ANTES DEL BLOQUE 7 EDIFICIO"
113,MERIDA,ALBERTO ADRIANI,PRESIDENTE PAEZ,UNIDAD EDUCATIVA COLEGIO CECILIO ACOSTA,"UNIDAD EDUCATIVA
12 DE FEBRERO","URBANIZACIÓN BUBUQUI III DERECHA AVENIDA 15. FRENTE CALLE PRINCIPAL BUBUQUI III. IZQUIERDA VEREDA URBANIZACION BUBUQUI III URBANIZACION BUBUQUI III, CALLE  PRINCIPAL ANTES DEL BLOQUE 7 EDIFICIO"
114,MERIDA,ARZOBISPO CHACON,MUCUCHACHI,ESCUELA BASICA SANTA INES,ESCUELA BASICA EL PORTACHUELO,"CARRETERA PRINCIPAL PORTACHUELO VIA SANTA
BARBARA DE BARINAS AL LADO DEL PUENTE DE GUERRA"
115,MERIDA,CAMPO ELIAS,MONTALBAN,ESCUELA BASICA MONSEÑOR JAUREGUI,ESCUELA BASICA EL SALADO,SECTOR SALADO MEDIO FRENTE AVENIDA PRINCIPAL  VIA EL SALADO.  DERECHA  CALLEJÓN  SIN NOMBRE. IZQUIERDA CALLEJÓN INFOCENTRO EL SALADO  AL LADO DEL INFOCENTRO EL SALADO CASA
116,MERIDA,CAMPO ELIAS,MONTALBAN,LICEO EJIDO,UNIDAD EDUCATIVA MANZANO BAJO,SECTOR EL PILAR FRENTE AVENIDA  PRINCIPAL  VIA EL MANZANO. DERECHA CALLEJÓN SIN NOMBRE. IZQUIERDA CALLEJÓN SIN NOMBRE CALLE URDANETA SIN NUMERO MANZANO BAJO CASA
117,MERIDA,CAMPO ELIAS,MONTALBAN,ESCUELA BASICA MONSEÑOR JAUREGUI (B),UNIDAD EDUCATIVA MANZANO BAJO,SECTOR EL PILAR FRENTE AVENIDA  PRINCIPAL  VIA EL MANZANO. DERECHA CALLEJÓN SIN NOMBRE. IZQUIERDA CALLEJÓN SIN NOMBRE CALLE URDANETA SIN NUMERO MANZANO BAJO CASA
118,MERIDA,CAMPO ELIAS,MATRIZ,ESCUELA  BASICA CAMPO ELIAS,ESCUELA BASICA MIXTA LA RANCHERIA,"SECTOR RANCHERIA, FRENTE AL CDI RANCHERIA. VIA LA MESA. IZQUIERDA AVENIDA  VIA LA MESA. DERECHA  CALLE PREESCOLAR LA RANCHERIA. FRENTE CALLE CDI RANCHERIA LA RANCHERIA, VIA LA MESA DE LOS INDIOS. EDIFICIO"
119,MERIDA,CAMPO ELIAS,MATRIZ,COLEGIO SAN PIO X,UNIDAD EDUCATIVA HERMANAS ALMARZA,SECTOR SAN MARTIN DERECHA CALLE ANTES DEL PUENTE SAN MARTIN. IZQUIERDA  CALLE CASERIO. FRENTE CALLE VIA PRINCIPAL  AGUAS CALIENTES AGUAS CALIENTES VIA PRINCIPAL CASA
120,MERIDA,CAMPO ELIAS,MATRIZ,ESCUELA TECNICA ROBINSONIANA PROFESOR  JOSE RICARDO GUILEN SUAREZ,UNIDAD EDUCATIVA BOLIVARIANA SAN MIGUEL DE EJIDO,URBANIZACIÓN SAN MIGUEL IZQUIERDA  AVENIDA PRINCIPAL SAN MIGUEL. FRENTE CALLE ULTIMO ESTACIONAMIENTO DE SAN MIGUEL. DERECHA VEREDA 1 PRINCIPAL CERCA DEL MODULO POLICIAL DE SAN MIGUEL CASA
121,MERIDA,CAMPO ELIAS,MATRIZ,ESCUELA BASICA CAMPO ELIAS (B),UNIDAD EDUCATIVA BOLIVARIANA SAN MIGUEL DE EJIDO,URBANIZACIÓN SAN MIGUEL IZQUIERDA  AVENIDA PRINCIPAL SAN MIGUEL. FRENTE CALLE ULTIMO ESTACIONAMIENTO DE SAN MIGUEL. DERECHA VEREDA 1 PRINCIPAL CERCA DEL MODULO POLICIAL DE SAN MIGUEL CASA
122,MERIDA,CAMPO ELIAS,MATRIZ,COLEGIO SAN PIO X (B),"UNIDAD EDUCATIVA
5 DE JULIO","SECTOR EL PALMO DERECHA  CALLE 4. IZQUIERDA
CALLE CASERIOS. FRENTE CALLE PRINCIPAL 5 DE JULIO VIA PRINCIPAL  EL PALMO  CASA"
123,MERIDA,CAMPO ELIAS,FERNANDEZ PEÑA,UNIDAD EDUCATIVA HIPOLITO ELIAS GONZALEZ,UNIDAD EDUCATIVA POZO HONDO,"SECTOR POZO HONDO  DERECHA CALLE CASERIO. IZQUIERDA CALLE VIA SAN ONOFRE. FRENTE CALLE INDUSTRIA NUMERO 3 CALLE INDUSTRIA  NUMERO
37 POZO HONDO  EJIDO CASA"
124,MERIDA,CAMPO ELIAS,FERNANDEZ PEÑA,UNIDAD EDUCATIVA HIPOLITO GONZALEZ B,ESCUELA BASICA MONSEÑOR DUQUE,SECTOR MESA SECA DERECHA  CALLE CASA DE LA SEÑORA  FELIDA. IZQUIERDA  CALLE URBANIZACION SAN BENITO. FRENTE CALLE 1 300 METROS DEL CEMENTERIO MUNICIPAL EDIFICIO
125,MERIDA,LIBERTADOR,ARIAS,UNIDAD EDUCATIVA TULIO FEBRES CORDERO,MUCUMBARILA,SECTOR LA MILAGROSA FRENTE A CORPOANDES PASOS ARRIBA DEL PARQUE LA ISLA
126,MERIDA,LIBERTADOR,ARIAS,COLEGIO NUESTRA SEÑORA DE BELEN,MUCUMBARILA,SECTOR LA MILAGROSA FRENTE A CORPOANDES PASOS ARRIBA DEL PARQUE LA ISLA
127,MERIDA,LIBERTADOR,ARIAS,"ESCUELA BASICA
NACIONAL RIVAS DAVILA",MUCUMBARILA,SECTOR LA MILAGROSA FRENTE A CORPOANDES PASOS ARRIBA DEL PARQUE LA ISLA
128,MERIDA,LIBERTADOR,ARIAS,LICEO TULIO FEBRES CORDERO (B),MUCUMBARILA,SECTOR LA MILAGROSA FRENTE A CORPOANDES PASOS ARRIBA DEL PARQUE LA ISLA
129,MERIDA,LIBERTADOR,MILLA,ESCUELA BASICA VICENTE DAVILA,MUCUMBARILA,SECTOR LA MILAGROSA FRENTE A CORPOANDES PASOS ARRIBA DEL PARQUE LA ISLA
130,MERIDA,LIBERTADOR,MILLA,"ESCUELA BASICA
GLADYS CELINA LOBO DE CARNEVALLI",MUCUMBARILA,SECTOR LA MILAGROSA FRENTE A CORPOANDES PASOS ARRIBA DEL PARQUE LA ISLA
131,MERIDA,LIBERTADOR,MILLA,COLEGIO SAN JOSE DE LA SIERRA,MUCUMBARILA,SECTOR LA MILAGROSA FRENTE A CORPOANDES PASOS ARRIBA DEL PARQUE LA ISLA
132,MERIDA,LIBERTADOR,MILLA,LICEO ROMULO GALLEGOS,MUCUMBARILA,SECTOR LA MILAGROSA FRENTE A CORPOANDES PASOS ARRIBA DEL PARQUE LA ISLA
133,MERIDA,LIBERTADOR,MILLA,"UNIDAD EDUCATIVA
COLEGIO SAGRADA FAMILIA",MUCUMBARILA,SECTOR LA MILAGROSA FRENTE A CORPOANDES PASOS ARRIBA DEL PARQUE LA ISLA
134,MERIDA,LIBERTADOR,MILLA,JARDIN DE INFANCIA VICENTE DAVILA,MUCUMBARILA,SECTOR LA MILAGROSA FRENTE A CORPOANDES PASOS ARRIBA DEL PARQUE LA ISLA
135,MERIDA,LIBERTADOR,EL LLANO,UNIDAD EDUCATIVA LA SALLE,LICEO NACIONAL LIBERTADOR,"SECTOR EL LLANO  FRENTE AVENIDA 4. DERECHA
CALLE 27. IZQUIERDA CALLE 28 AVENIDA 4 BOLIVAR MERIDA EDIFICIO"
136,MERIDA,LIBERTADOR,EL LLANO,"UNIDAD EDUCATIVA
NUESTRA SEÑORA  DE FATIMA",LICEO NACIONAL LIBERTADOR,"SECTOR EL LLANO  FRENTE AVENIDA 4. DERECHA
CALLE 27. IZQUIERDA CALLE 28 AVENIDA 4 BOLIVAR MERIDA EDIFICIO"
137,MERIDA,LIBERTADOR,EL LLANO,UNIDAD EDUCATIVA  LA SALLE (B),LICEO NACIONAL LIBERTADOR,"SECTOR EL LLANO  FRENTE AVENIDA 4. DERECHA
CALLE 27. IZQUIERDA CALLE 28 AVENIDA 4 BOLIVAR MERIDA EDIFICIO"
138,MERIDA,LIBERTADOR,"JUAN
RODRIGUEZ SUAREZ","UNIDAD EDUCATIVA
ESTADAL CECILIO ACOSTA",UNIDAD EDUCATIVA SAN JACINTO,URBANIZACION SAN JACINTO CALLE LA CRUZ
139,MERIDA,LIBERTADOR,JUAN RODRIGUEZ SUAREZ,LICEO BOLIVARIANO CARACCIOLO PARRA OLMEDO,ESCUELA BASICA ESTADO LARA,SECTOR LA PARROQUIA  FRENTE AVENIDA LAS PEÑAS. DERECHA  CALLE 1. IZQUIERDA CALLE CANCHA DE FUTBOL LA PARROQUIA  AVENIDA LAS PEÑAS NUMERO 1 LA PARROQUIA  EDIFICIO
140,MERIDA,LIBERTADOR,JUAN RODRIGUEZ SUAREZ,COLEGIO NUESTRA SEÑORA DEL ROSARIO,ESCUELA BASICA ESTADO LARA,SECTOR LA PARROQUIA  FRENTE AVENIDA LAS PEÑAS. DERECHA  CALLE 1. IZQUIERDA CALLE CANCHA DE FUTBOL LA PARROQUIA  AVENIDA LAS PEÑAS NUMERO 1 LA PARROQUIA  EDIFICIO
141,MERIDA,LIBERTADOR,"JUAN
RODRIGUEZ SUAREZ",PRE-ESCOLAR DON ANDRES BELLO,UNIVERSIDAD DE LA SEGURIDAD,URBANIZACION LOS CUROS CALLE PRINCIPAL FRENTE A LA CAMARA DE COMERCIO
142,MERIDA,LIBERTADOR,JUAN RODRIGUEZ SUAREZ,LICEO BOLIVARIANO CARACIOLO PARRA  Y OLMEDO (B),UNIVERSIDAD DE LA SEGURIDAD,URBANIZACION LOS CUROS CALLE PRINCIPAL FRENTE A LA CAMARA DE COMERCIO
143,MERIDA,LIBERTADOR,JACINTO PLAZA,"ESCUELA BASICA
GRADUADA SIMON RODRIGUEZ",UNIVERSIDAD DE LA SEGURIDAD,URBANIZACION LOS CUROS CALLE PRINCIPAL FRENTE A LA CAMARA DE COMERCIO
144,MERIDA,LIBERTADOR,LASSO DE LA VEGA,ESCUELA BASICA RAMON IGNACIO GUERRA.,UNIDAD EDUCATIVA ROMULO BETANCOURT,URBANIZACIÓN  LOS CUROS FRENTE AVENIDA PRINCIPAL. IZQUIERDA  CALLE VIA SECTOR LOS PRIMOS. DERECHA CALLEJÓN SALON DEL REINO DE LOS TESTIGOS DE JEHOVA URBANIZACION LOS CUROS  PARTE ALTA MERIDA EDIFICIO
145,MERIDA,LIBERTADOR,LASSO DE LA VEGA,UNIDAD EDUCATIVA NACIONAL BOLIVARIANA DOCTOR RAMON PARRA PICON,UNIDAD EDUCATIVA ROMULO BETANCOURT,URBANIZACIÓN  LOS CUROS FRENTE AVENIDA PRINCIPAL. IZQUIERDA  CALLE VIA SECTOR LOS PRIMOS. DERECHA CALLEJÓN SALON DEL REINO DE LOS TESTIGOS DE JEHOVA URBANIZACION LOS CUROS  PARTE ALTA MERIDA EDIFICIO
146,MERIDA,LIBERTADOR,LASSO DE LA VEGA,ESCUELA BASICA RAMON IGNAGIO GUERRA (B),UNIDAD EDUCATIVA ROMULO BETANCOURT,URBANIZACIÓN  LOS CUROS FRENTE AVENIDA PRINCIPAL. IZQUIERDA  CALLE VIA SECTOR LOS PRIMOS. DERECHA CALLEJÓN SALON DEL REINO DE LOS TESTIGOS DE JEHOVA URBANIZACION LOS CUROS  PARTE ALTA MERIDA EDIFICIO
147,MERIDA,LIBERTADOR,CARACCIOLO PARRA P,ESCUELA BASICA FERMIN RUIZ VALERO,"ESCUELA BASICA 16
DE SEPTIEMBRE",SECTOR CHAMA VIA EL MORRO FRENTE A CONJNTO RESIDENCIAL  EL GALERON
148,MERIDA,LIBERTADOR,CARACCIOLO PARRA P,"ESCUELA BASICA
NACIONAL ELOY PAREDES",MUCUMBARILA,SECTOR LA MILAGROSA FRENTE A CORPOANDES PASOS ARRIBA DEL PARQUE LA ISLA
149,MERIDA,LIBERTADOR,CARACCIOLO PARRA P,JARDIN DE INFANCIA ELOY PAREDES,MUCUMBARILA,SECTOR LA MILAGROSA FRENTE A CORPOANDES PASOS ARRIBA DEL PARQUE LA ISLA
150,MERIDA,LIBERTADOR,CARACCIOLO PARRA P,"ESCUELA BASICA
NACIONAL ELOY PAREDES (B)",MUCUMBARILA,SECTOR LA MILAGROSA FRENTE A CORPOANDES PASOS ARRIBA DEL PARQUE LA ISLA
151,MERIDA,LIBERTADOR,CARACCIOLO PARRA P,ESCUELA BASICA FERMIN RUIZ VALERO (B),UNIDAD EDUCATIVA EZEQUIEL ZAMORA,"URBANIZACIÓN  MANUEL ISIDRO MOLINA(LOS PERIODISTA) DERECHA AVENIDA 2. IZQUIERDA VEREDA RESIDENCIAS. FRENTE VEREDA RESIDENCIAS LOS PERIODISTA URBANIZACION  ISIDRO MOLINA, SECTOR LOS PERIODISTAS EDIFICIO"
152,MERIDA,LIBERTADOR,MARIANO PICON SALAS,"ESCUELA BASICA
DOCTOR  ARMANDO GONZALEZ PUCCINI",MUCUMBARILA,SECTOR LA MILAGROSA FRENTE A CORPOANDES PASOS ARRIBA DEL PARQUE LA ISLA
153,MERIDA,LIBERTADOR,MARIANO PICON SALAS,"LICEO EXPERIMENTAL
FRAY JUAN RAMOS DE LORA",MUCUMBARILA,SECTOR LA MILAGROSA FRENTE A CORPOANDES PASOS ARRIBA DEL PARQUE LA ISLA
154,MERIDA,LIBERTADOR,MARIANO PICON SALAS,ESCUELA BOLIVARIANA HUMBERTO TEJERA,MUCUMBARILA,SECTOR LA MILAGROSA FRENTE A CORPOANDES PASOS ARRIBA DEL PARQUE LA ISLA
155,MERIDA,LIBERTADOR,MARIANO PICON SALAS,ESCUELA DEPORTIVA,"ESCUELA BASICA 16
DE SEPTIEMBRE",SECTOR CHAMA VIA EL MORRO FRENTE A CONJNTO RESIDENCIAL  EL GALERON
156,MERIDA,LIBERTADOR,ANTONIO SPINETTI DINI,ESCUELA BASICA JOSEFA MOLINA DE DUQUE,UNIDAD EDUCATIVA ALBERTO CARNEVALI,"SECTOR SANTA ANA NORTE DERECHA AVENIDA ALBERTO CARNEVALLI. FRENTE AVENIDA ALBERTO CARNEVALLI. IZQUIERDA  CALLE RESIDENCIAS DOMINGO SALAZAR SANTA ANA NORTE CALLE 2
VIA ALBERTO CARNEVALI EDIFICIO"
157,MERIDA,LIBERTADOR,ANTONIO SPINETTI DINI,UNIDAD EDUCATIVA ESTADAL BOLIVARIANA MONSEÑOR DOCTOR SANTIAGO HERNANDEZ MILANEZ,UNIDAD EDUCATIVA ALBERTO CARNEVALI,"SECTOR SANTA ANA NORTE DERECHA AVENIDA ALBERTO CARNEVALLI. FRENTE AVENIDA ALBERTO CARNEVALLI. IZQUIERDA  CALLE RESIDENCIAS DOMINGO SALAZAR SANTA ANA NORTE CALLE 2
VIA ALBERTO CARNEVALI EDIFICIO"
158,MERIDA,LIBERTADOR,ANTONIO SPINETTI DINI,LICEO PRIVADO MONSEÑOR SILVA,"ESCUELA BASICA 16
DE SEPTIEMBRE",SECTOR CHAMA VIA EL MORRO FRENTE A CONJNTO RESIDENCIAL  EL GALERON
159,MERIDA,LIBERTADOR,ANTONIO SPINETTI DINI,ESCUELA BASICA DOÑA MARCOLINA DE LAMUS,COMPLEJO EDUCATIVO ELEAZAR LOPEZ CONTRERAS,"SECTOR SANTA ANA FRENTE AVENIDA ALBERTO CARNEVALLI. DERECHA  CALLE RESIDENCIAS DOMINGO SALAZAR. IZQUIERDA CALLE 2 BARRIO SANTA ANA MILLA SANTA  ANA NORTE CALLE 2
MERIDA EDIFICIO"
160,MERIDA,LIBERTADOR,ANTONIO SPINETTI DINI,UNIDAD EDUCATIVA COLEGIO MADRE EMILIA,UNIDAD EDUCATIVA EZEQUIEL ZAMORA,"URBANIZACIÓN  MANUEL ISIDRO MOLINA(LOS PERIODISTA) DERECHA AVENIDA 2. IZQUIERDA VEREDA RESIDENCIAS. FRENTE VEREDA RESIDENCIAS LOS PERIODISTA URBANIZACION  ISIDRO MOLINA, SECTOR LOS PERIODISTAS EDIFICIO"
161,MERIDA,LIBERTADOR,ANTONIO SPINETTI DINI,ESCUELA TECNICA ROBINSONIANA SIMON RODRIGUEZ,COMPLEJO EDUCATIVO EMIRO FUENMAYOR,"SECTOR LA LIRIA FRENTE  AVENIDA  LAS AMERICAS.
DERECHA CALLE UNEFA. IZQUIERDA  CALLE AMBULATORIO VENEZUELA AVENIDA LAS AMERICAS AL LADO DEL AMBULATORIO EDIFICIO"
162,MERIDA,MIRANDA,CM. TIMOTES,ESCUELA NACIONAL BOLIVARIANA LAS MESAS,UNIDAD EDUCATIVA LA VEGA,CASERÍO  LA VEGA DERECHA  CALLEJÓN  CASA DEL SEÑOR EMIRO FRANKO.  IZQUIERDA  CALLEJÓN CASA DE LA SEÑORA  ELIBERTA PIRELA. FRENTE PICA EL RIO MOTATAN CARRETERA TRANSANDINA  SECTOR LA VEGA PARTE BAJA EDIFICIO
163,MIRANDA,ACEVEDO,CAPAYA,CASA DE LA CULTURA,UNIDAD EDUCATIVA CAPAYA,"SECTOR EL TAMARINDO  FRENTE CALLE PRINCIPAL.
IZQUIERDA PICA PRESENCIA DE VEGATACION. DERECHA TROCHA PRESENCIA DE VEGATACION CASERIO CAPAYA CASA"
164,MIRANDA,BRION,TACARIGUA,BIBLIOTECA LAS CORALIAS,SALON DE COSTURA LAS CORALIA,"SECTOR LAS CORALIAS  DERECHA  CALLE PRINCIPAL.
IZQUIERDA  CALLE 2 TRASVERSAL. FRENTE CARRETERA  PRINCIPAL  BASE DE MISIONES CASA"
165,MIRANDA,BRION,TACARIGUA,COLINAS DE MANANTIAL,UNIDAD EDUCATIVA ESTADAL MATURIN,CASERÍO FUNDACION IZQUIERDA  CALLE PRINCIPAL. DERECHA  PASAJE CASA. FRENTE SENDERO FRENTE SECTOR MATURIN CALLE SAN MIGUEL CASA
166,MIRANDA,GUAICAIPURO,LOS TEQUES,UNIDAD EDUCATIVA ESTADAL OCUMARE DEL TUY,UNIDAD ESTADAL EDUCATIVA CECILIO ACOSTA 1,SECTOR LOS LAGOS DERECHA CALLE LOS LAGOS. IZQUIERDA  CALLE PRINCIPAL PARQUE LOS LAGOS. FRENTE CALLE LOS LAGOS CERCA DEL TERMINAL DE LOS TEQUES. EDIFICIO
167,MIRANDA,LANDER,OCUMARE  DEL TUY,UNIDAD EDUCATIVA NACIONAL MANUEL DE ALESON,GRUPO ESCOLAR ALBERTO SMITH,"SECTOR EL RODEO DERECHA  CALLE GALLEGOS.
FRENTE CALLE PRINCIPAL DE TOCUYITO. IZQUIERDA SENDERO CASAS A 100 METROS DEL CUERPO DE INVESTIGACIONES CIENTIFICAS PENALES  Y CRIMINALISTICAS CASA"
168,MIRANDA,PLAZA,GUARENAS,COLEGIO SAN NICOLAS DE BARI,UNIDA EDUCATIVA ESTADAL ZENOBIA VERGARA DE CHIQUITO,BARRIO VISTA HERMOSA FRENTE CALLE PRINCIPAL VISTA HERMOSA R 3 GUARENAS GALPÓN
169,MIRANDA,SUCRE,PETARE,UNIDAD EDUCATIVA INSTITUTO VENEZUELA NUEVA,COLEGIO FE Y ALEGRIA,BARRIO UNION DERECHA  CALLE LA PLANADA. IZQUIERDA  CALLE UNION. FRENTE CALLE PADRE JESUS MISA SECTOR LA PLANADA A 500 METROS DE LA IGLESIA EDIFICIO
170,MIRANDA,SUCRE,PETARE,UNIDAD EDUCATIVA COLEGIO JUAN  PABLO  II,ESCUELA JOSE MERCEDES SANTELIZ,"SECTOR CAMPO RICO DERECHA  CALLE POLVORIN.
IZQUIERDA  CALLE POLVORIN.  FRENTE CALLE POLVORIN CAMPO RICO CALLE EL POLVORIN PETARE CASA"
171,MIRANDA,SUCRE,PETARE,LICEO BOLIVARIANO LINO DE CLEMENTE,ESCUELA JOSE MERCEDES SANTELIZ,"SECTOR CAMPO RICO DERECHA CALLE POLVORIN.
IZQUIERDA  CALLE POLVORIN.  FRENTE CALLE POLVORIN CAMPO RICO CALLE EL POLVORIN PETARE CASA"
172,MIRANDA,SUCRE,PETARE,COLEGIO MADRE DEL DIVINO PASTOR,ESCUELA BASICA ARMANDO CASTILLO PLAZA,"SECTOR BUENA VISTA DERECHA CALLE SHIEFFER. IZQUIERDA CALLE BUENA VISTA. FRENTE CALLE 1
CALLE DE BUENA VISTA CVAL EDIFICIO"
173,MIRANDA,SUCRE,PETARE,UNIDAD EDUCATIVA INSTITUTO SAN LUCAS,UNIDAD EDUCATIVA MUNICIPAL LUIS CORREA,BARRIO LA CRUZ DERECHA  CALLE EL COLEGIO. IZQUIERDA  CALLE EL COLEGIO. FRENTE CALLE EL COLEGIO CALLE EL COLEGIO BARRIO LA CRUZ PETARE PANADERIA  BELLA CRUZ EDIFICIO
174,MIRANDA,SUCRE,PETARE,UNIDAD EDUCATIVA COLEGIO BERTRAND RUSSELL,UNIDAD EDUCATIVA MUNICIPAL SIMON BOLIVAR,SECTOR LAS VEGAS DE PETARE FRENTE AVENIDA PRINCIPAL DE PALO VERDE. DERECHA CALLE LOS BLOQUES DE LAS VEGAS DE PETARE. IZQUIERDA BULEVAR SIMON BOLIVAR URBANIZACION LEONCIO MARTINEZ  LAS VEGAS DE PETARE EDIFICIO
175,MIRANDA,SUCRE,PETARE,COLEGIO SAN JOSE,COLEGIO MANUEL PIAR,"URBANIZACIÓN  BUENA VISTA CALLE HATILLO QUINTA LIGA DERECHA CALLE BUENA VISTA. IZQUIERDA  CALLE HATILLO. FRENTE CALLE HATILLO CALLE SANTA ELENA , PETARE. CERCA DE LA CARTONERA. QUINTA"
176,MIRANDA,SUCRE,PETARE,INSTITUTO NACIONAL DE CAPACITACION SOCIALISTA,ESCUELA ESTADAL GRADUADA CONSUELO NAVAS TOVAR,BARRIO  EL TORRE DERECHA CALLE CARRETERA VIEJA PETARE GUARENAS  KM1. IZQUIERDA CALLE CARRETERA VIEJA PETARE GUARENAS  KM1. FRENTE CALLE CARRETERA VIEJA PETARE GUARENAS KM1 AL FRENTE DEL CALLEJON TORRES FECHAS PATRIAS EDIFICIO
177,MIRANDA,SUCRE,LEONCIO MARTINEZ,UNIDAD EDUCATIVA COLEGIO SANTA GEMA,UNIDAD EDUCATIVA NACIONAL MARTINEZ CENTENO,URBANIZACIÓN SANTA EDUVIGIS DERECHA AVENIDA PRINCIPAL. IZQUIERDA AVENIDA SANTA MARIA. FRENTE AVENIDA PRINCIPAL DE SANTA EDUVIGIS PRIMERA AVENIDA CON CALLE SANTA ANA CASA
178,MIRANDA,SUCRE,LEONCIO MARTINEZ,INSTITUTO CICLO BASICO ESTEBAN GIL BORGES,UNIDAD EDUCATIVA EXPERIMENTAL NACIONAL LUIS BELTRAN PRIETO FIGUEROA,URBANIZACIÓN  PRINCIPAL ROMULO GALLEGOS IZQUIERDA  AVENIDA PRINCIPAL DE MONTE CRISTO. FRENTE AVENIDA ROMULO GALLEGOS. DERECHA CALLE LAS PALMAS ESQUINA MONTE CRISTO EDIFICIO
179,MIRANDA,SUCRE,LEONCIO MARTINEZ,COLEGIO AMERICO VESPUCIO,COLEGIO RODRIGUEZ PAZ,URBANIZACIÓN  SEBUCAN DERECHA AVENIDA CUARTA  TRASVERSAL. IZQUIERDA AVENIDA CUARTA  TRASVERSAL DE LOS PALOS GRANDES. FRENTE AVENIDA CALLE ACUEDUCTO OCTAVA TRANSVERSAL CALLE ACUEDUCTO SEBUCAN QUINTA
180,MIRANDA,SUCRE,LEONCIO MARTINEZ,COLEGIO MARIA AUXILIADORA,UNIDAD EDUCATIVA EXPERIMENTAL NACIONAL LUIS BELTRAN PRIETO FIGUEROA,URBANIZACIÓN  PRINCIPAL ROMULO GALLEGOS IZQUIERDA  AVENIDA PRINCIPAL DE MONTE CRISTO. FRENTE AVENIDA ROMULO GALLEGOS. DERECHA CALLE LAS PALMAS ESQUINA MONTE CRISTO EDIFICIO
181,MIRANDA,SUCRE,LEONCIO MARTINEZ,COLEGIO FRANCIA,PREESCOLAR EUGENIA RABASCO,"URBANIZACIÓN LOS CHORROS DERECHA AVENIDA LOS CHORROS. IZQUIERDA AVENIDA LOS CHORROS. FRENTE AVENIDA ARISTIDES CALVANI
AVENIDA LOS CASTAÑOS  NUMERO 11, AL LADO DEL VIVERO QUINTA"
182,MIRANDA,SUCRE,LEONCIO MARTINEZ,ESCUELA TECNICA POPULAR DON BOSCO,UNIDAD EDUCATIVA NACIONAL MARTINEZ CENTENO,URBANIZACIÓN SANTA EDUVIGIS DERECHA AVENIDA PRINCIPAL. IZQUIERDA AVENIDA SANTA MARIA. FRENTE AVENIDA PRINCIPAL DE SANTA EDUVIGIS PRIMERA AVENIDA CON CALLE SANTA ANA CASA
183,MIRANDA,LOS SALIAS,SAN ANTONIO LOS ALTOS,OBRA DEL BUEN CONSEJO,UNIDAD EDUCATIVA NACIONAL BOLIVARIANA FILOMENA ANTONIA PALMA DE CASTRO,SECTOR FIGUEROA EL PATILLAL FRENTE  CALLE EL PATILLAL. DERECHA  CARRETERA PANAMERICANA. IZQUIERDA CARRETERA PANAMARICANA PUENTE FIGUEROA EDIFICIO
184,MIRANDA,LOS SALIAS,SAN ANTONIO LOS ALTOS,UNIDAD EDUCATIVA LOS CASTORES,UNIDAD EDUCUCATIVA LAS MINAS,BARRIO LAS MINAS DERECHA  CALLE GALPON. IZQUIERDA  CALLE RESIDENCIAS. FRENTE CALLE RESIDENCIAS BARRIO LAS MINAS FRENTE A BODEGA MERCAL  Y GALPON DONDE FUNCIONA UNA CARPINTERIA EDIFICIO
185,MIRANDA,LOS SALIAS,SAN ANTONIO LOS ALTOS,"UNIDAD EDUCATIVA
PROFESOR BORIS BOSSIO VIVAS","IUT DOCTOR
FEDERICO RIVERO PALACIOS","KM. 8, CARRETERA PANAMERICANA"
186,MIRANDA,LOS SALIAS,SAN ANTONIO LOS ALTOS,UNIDAD EDUCATIVA NACIONAL MIGUEL JOSE SANZ,UNIDAD EDUCUCATIVA LAS MINAS,BARRIO LAS MINAS DERECHA  CALLE GALPON. IZQUIERDA  CALLE RESIDENCIAS. FRENTE CALLE RESIDENCIAS BARRIO LAS MINAS FRENTE A BODEGA MERCAL  Y GALPON DONDE FUNCIONA UNA CARPINTERIA EDIFICIO
187,MIRANDA,LOS SALIAS,SAN ANTONIO LOS ALTOS,UNIDAD EDUCATIVA LUIS EDUARDO EGUI,UNIDAD EDUCATIVA NACIONAL BOLIVARIANA FILOMENA ANTONIA PALMA DE CASTRO,SECTOR FIGUEROA EL PATILLAL FRENTE  CALLE EL PATILLAL. DERECHA  CARRETERA PANAMERICANA. IZQUIERDA CARRETERA PANAMARICANA PUENTE FIGUEROA EDIFICIO
188,MIRANDA,LOS SALIAS,SAN ANTONIO LOS ALTOS,PRE-ESCOLAR TIA ALICIA POJAN,"IUT DOCTOR
FEDERICO RIVERO PALACIOS","KM. 8, CARRETERA PANAMERICANA"
189,MIRANDA,LOS SALIAS,SAN ANTONIO LOS ALTOS,"UNIDAD EDUCATIVA
NACIONAL LA ROSALEDA","IUT DOCTOR
FEDERICO RIVERO PALACIOS","KM. 8, CARRETERA PANAMERICANA"
190,MIRANDA,BARUTA,BARUTA,UNIDAD EDUCATIVA COLEGIO FRAY LUIS AMIGO,INSTITUTO UNIVERSITARIO DE NUEVAS PROFESIONES,"URBANIZACIÓN LAS MERCEDES FRENTE AVENIDA
PRINCIPAL DE LAS MERCEDES. DERECHA  CALLE NUEVA YORK. IZQUIERDA  CALLE ORINOCO DIAGONAL  AL CENTRO COMERCIAL EL TOLON EDIFICIO"
191,MIRANDA,BARUTA,BARUTA,CENTRO VENEZOLANO AMERICANO,COLEGIO MATER SALVATORI,URBANIZACIÓN LAS MERCEDES DERECHA  AVENIDA CERRO QUINTERO. IZQUIERDA  CALLE BARUTA. FRENTE CARRETERA JALISCO FRENTE AL SUPERMERCADO BICENTENARIO EDIFICIO
M,MIRANDA,BARUTA,BARUTA,UNIDAD EDUCATIVA CENTRO DE EDUCACION ACTIVA MARIA MONTESSORI,COLEGIO DE MEDICOS DEL DISTRITO METROPOLITANO DE CARACAS,URBANIZACIÓN SANTA FE NORTE DERECHA AVENIDA JOSE MARIA VARGAS. IZQUIERDA AVENIDA JOSE MARIA VARGAS. FRENTE AVENIDA JOSE MARIA VARGAS AL LADO DE LAS RESIDENCIAS SANTA FE SUITE GARDEN  EDIFICIO
193,MIRANDA,BARUTA,BARUTA,UNIDAD EDUCATIVA NUESTRA  SEÑORA  DEL ROSARIO,ESCUELA BASICA NACIONAL HERMANAS MARIA LORENZA,URBANIZACIÓN  LA TRINIDAD DERECHA CALLE SOCUY. IZQUIERDA  CALLE SUCUY. FRENTE CALLE ARENAL CALLE DEL ARENAL CRUCE  CON CALLE SOCUY URBANIZACION  LA TRINIDAD CASA
194,MIRANDA,BARUTA,BARUTA,UNIDAD EDUCATIVA COLEGIO LA CONCEPCION,ESCUELA BASICA NACIONAL HERMANAS MARIA LORENZA,URBANIZACIÓN  LA TRINIDAD DERECHA CALLE SOCUY. IZQUIERDA  CALLE SUCUY. FRENTE CALLE ARENAL CALLE DEL ARENAL CRUCE  CON CALLE SOCUY URBANIZACION  LA TRINIDAD CASA
195,MIRANDA,BARUTA,BARUTA,PRE-ESCOLAR NUESTRA SEÑORA DEL ROSARIO,UNIDAD EDUCATIVA NACIONAL SOROCAIMA,URBANIZACIÓN  CHARALLAVITO DERECHA AVENIDA SAN SEBASTIAN. IZQUIERDA AVENIDA SAN SEBASTIAN. FRENTE CALLE FINAL CALLE ARAURE CALLE ARAURE URBANIZACION CHARAVALLITO BARUTA EDIFICIO
196,MIRANDA,BARUTA,BARUTA,UNIVERSIDAD SIMON BOLIVAR,CENTRO DE EDUCACION INICIAL MUNICIPAL EL CARMEN,BARRIO OJO DE AGUA BARUTA DERECHA  VEREDA LOS ESTUDIANTES. IZQUIERDA  VEREDA LOS ESTUDIANTES. FRENTE VEREDA LOS ESTUDIANTES IGLESIA LA CAPILLA CASA
197,MIRANDA,BARUTA,EL CAFETAL,UNIDAD EDUCATIVA COLEGIO CHAMPAGNAT ASOCIACION CIVIL V.E.A.S.,CAMARA DE INDUSTRIALES DEL ESTADO BOLIVARIANO DE MIRANDA,URBANIZACIÓN CHUAO DERECHA AVENIDA CHUAO. IZQUIERDA AVENIDA CHUAO. FRENTE AVENIDA ARAURE AVENIDA PRINCIPAL DEL CAFETAL EDIFICIO
198,MIRANDA,BARUTA,EL CAFETAL,CENTRO ESCOLAR AULA NUEVA,CAMARA DE INDUSTRIALES DEL ESTADO BOLIVARIANO DE MIRANDA,URBANIZACIÓN CHUAO DERECHA AVENIDA CHUAO. IZQUIERDA AVENIDA CHUAO. FRENTE AVENIDA ARAURE AVENIDA PRINCIPAL DEL CAFETAL EDIFICIO
199,MIRANDA,BARUTA,EL CAFETAL,UNIDAD EDUCATIVA COLEGIO SAN LUIS DE CARACAS,CAMARA DE INDUSTRIALES DEL ESTADO BOLIVARIANO DE MIRANDA,URBANIZACIÓN CHUAO DERECHA AVENIDA CHUAO. IZQUIERDA AVENIDA CHUAO. FRENTE AVENIDA ARAURE AVENIDA PRINCIPAL DEL CAFETAL EDIFICIO
200,MIRANDA,BARUTA,EL CAFETAL,ESCUELA NACIONAL JESUS MARIA ALFARO ZAMORA,CENTRO INFANTIL AMERICA,URBANIZACIÓN SAN LUIS DERECHA  CALLE SAN LUIS. IZQUIERDA  CALLE SAN LUIS. FRENTE CALLE SAN LUIS CALLE SAN LUIS URBANIZACION SAN LUIS EL CAFETAL  CASA
201,MIRANDA,BARUTA,LAS MINAS DE BARUTA,UNIDAD EDUCATIVA COLEGIO SANTA ROSA DE LIMA,ESCUELA MUNICIPAL BARBARO RIVAS,BARRIO  LA CAPILLA CALLE EL ROSARIO DERECHA CALLE EL ROSARIO. IZQUIERDA  CALLE EL ROSARIO. FRENTE  CALLE EL ROSARIO AL LADO DEL MODULO DE LA POLICIA MUNICIPAL DE BARUTA EDIFICIO
202,MIRANDA,BARUTA,LAS MINAS DE BARUTA,UNIDAD EDUCATIVA NACIONAL TITO SALAS,ESCUELA MUNICIPAL BARBARO RIVAS,BARRIO  LA CAPILLA CALLE EL ROSARIO DERECHA CALLE EL ROSARIO. IZQUIERDA  CALLE EL ROSARIO. FRENTE  CALLE EL ROSARIO AL LADO DEL MODULO DE LA POLICIA MUNICIPAL DE BARUTA EDIFICIO
203,MIRANDA,BARUTA,LAS MINAS DE BARUTA,COMPLEJO EDUCATIVO COLEGIO AMERICANO,UNIDAD EDUCATIVA ESTADAL ADOLFO NAVAS CORONADO,SECTOR EL RELLENO  DERECHA  CALLE EL RELLENO. IZQUIERDA  CALLE EL RELLENO.  FRENTE  CALLE EL RELLENO SECTOR  EL RELLENO CALLE LA PEDRERA CASA
204,MIRANDA,CARRIZAL,CARRIZAL,CENTRO DE EDUCACIÓN INICIAL MONTAÑA ALTA,UNIDAD EDUCATIVA NACIONAL ANEXO ANDRES BELLO,BARRIO COMUNIDAD BRISAS DE ORIENTE DERECHA CALLE SECTOR  LA CRUZ. FRENTE CALLE PRINCIPAL BRISAS DE ORIENTE  Y MODULO POLICIAL. IZQUIERDA CALLEJÓN CASERIO SECTOR EL MANGO CALLE PRINCIPAL  BRISAS DE ORIENTE  AL LADO DEL MODULO POLICIAL DE CARRIZAL GALPÓN
205,MIRANDA,CARRIZAL,CARRIZAL,CICLO BASICO CARLOS GAUNA,ESCUELA TECNICA AGROPECUARIA CARRIZAL,CASERÍO  VILLA JOSEFINA  FRENTE  CARRETERA CARRIZAL  VIA SAN DIEGO. DERECHA PROLONGACIÓN HACIA LA ANTIGUA FABRICA DE VALVULA. IZQUIERDA SENDERO COMUNIDAD VILLA JOSEFINA KILOMETRO 3 VIA SAN DIEGO CARRIZAL CASA
206,MIRANDA,CHACAO,CHACAO,UNIDAD EDUCATIVA POPULAR COLEGIO SAN IGNACIO DE LOYOLA,ESCUELA BASICA FERNANDO PEÑALVER,"URBANIZACIÓN CAMPO ALEGRE DERECHA AVENIDA EL PARQUE. IZQUIERDA AVENIDA 2DA
TRANSVERSAL. FRENTE AVENIDA  EL PARQUE CERCA DEL CENTRO LIDO EDIFICIO"
207,MIRANDA,CHACAO,CHACAO,COLEGIO SCHONTHAL,UNEFA,"AV. LA ESTANCIA,  CON AV. CARACAS  Y CALLE HOLANDA, EDIF. UNEFA, CHUAO, CARACAS"
208,MIRANDA,EL HATILLO,EL HATILLO,COLEGIO CANIGUA,UNIDAD EDUCATIVA NACIONAL BOLIVARIANA CONOPOIMA,URBANIZACIÓN  LA LAGUNITA DERECHA AVENIDA CENTRAL DE LA LAGUNITA. IZQUIERDA  AVENIDA CENTRAL DE LA AVENIDA  DE LA LAGUNITA.  FRENTE AVENIDA CENTRAL DE LA LAGUNITA  AVENIDA PRINCIPAL  LA LAGUNITA  EL HATILLO  EDIFICIO
209,MIRANDA,BUROZ,MAMPORAL,LA BOTALA LOS ARENALES,CONCENTRACION NACIONAL BASICA 28,"CASERÍO SANTA ROSALIA DERECHA CALLE PRINCIPAL. FRENTE CALLE PRINCIPAL. IZQUIERDA SENDERO  MONTE  VIA MAMPORAL, SAN JOSE RIO CHICO, CASERIO SANTA ROSALIA CASA"
210,MIRANDA,BUROZ,MAMPORAL,VALLE DE MANANTIAL,UNIDAD EDUCATIVA EULALIA SANCHEZ DE CHAMBERLAIN,SECTOR SAN VICENTE DERECHA CALLE SIN NOMBRE. IZQUIERDA  CALLE MIRANDA. FRENTE CALLE PRNCIPAL CALLE PRINCIPAL CASERIO SAN VICENTE EDIFICIO
211,MONAGAS,MATURIN,SANTA CRUZ,CENTRO BOLIVARIANO DE INFORMATICA Y TELEMATICA (CEBIT),JARDIN DE INFANCIA CARIPE,SECTOR LA CRUZ DE LA PALOMA FRENTE CALLE SUCRE. DERECHA PROLONGACIÓN AL CALLEJON SUCRE. IZQUIERDA  CALLEJÓN SUCRE CALLE SUCRE A 50 METROS DE LA ESCUELA BÁSICA CARIPE
212,MONAGAS,MATURIN,SANTA CRUZ,UNIDAD EDUCATIVA JEAN FIRMIN,"PREESCOLAR
SIMONCITO SAMUEL ROBINSON",URBANIZACION LAS CAROLINAS CALLE 2 SECTOR LAS MARIAS ETAPA 1
213,MONAGAS,MATURIN,SAN SIMON,BIBLIOTECA PUBLICA JULIAN PADRON,CENTRO DE EDUCACION INICIAL IRMA SAEZ MERIDA DE GRISANTI,SECTOR LA MURALLA IZQUIERDA AVENIDA BICENTENARIO.  FRENTE AVENIDA BELLA VISTA. DERECHA PROLONGACIÓN AVENIDA  BELLA VISTA COMIENZO DE AVENIDA  BELLA VISTA CERCA  DE LA PLAZA  EL INDIO EDIFICIO
214,MONAGAS,URACOA,CM. URACOA,MEDICATURA RURAL PALOMA DE CHAMBERY,CENTRO DE VOTACION HUGO CHAVEZ FRIA,CASERÍO BOCA DE GUARA FRENTE CARRETERA VIA PRINCIPAL  ISLA DE GUARA. DERECHA CAMINO JUANA LA AVANZADORA.  IZQUIERDA CAMINO VIA PRINCIPAL  ISLA DE GUARA AVENIDA PRINCIPAL BOCA DE GUARA EDIFICIO
215,PORTUGUESA,GUANARITO,CM. GUANARITO,AGUA VERDE LA CHIPOLA,ESCUELA ESTADAL CONCENTRADA NUMERO 131 AGUA VERDE,"CASERÍO AGUA VERDE DERECHA CARRETERA IGLESIA PENTECOSTAL  VIA CANO INDO. IZQUIERDA CARRETERA  VIA EL RUANO Y CANO INDO. FRENTE CARRETERA  VIA CANO INDIO CASERIO AGUA
VERDE CASA"
216,PORTUGUESA,OSPINO,CM. OSPINO,TERESITA HEREDIA,"ESCUELA ESTADAL CONCENTRADA NUMERO 157
LIBERTADOR",BARRIO LIBERTADOR DERECHA CALLE 1. IZQUIERDA CALLE LIBERTADOR.  FRENTE CALLE PRINCIPAL AVENIDA 3 BARRIO LIBERTADOR CASA
217,PORTUGUESA,OSPINO,CM. OSPINO,BRISAS DEL ESTE,ESCUELA BASICA BATALLA DE OSPINO,URBANIZACIÓN GONZALO BARRIO DERECHA CALLE PRINCIPAL. FRENTE CALLE GONZALO BARRIOS. IZQUIERDA  CALLEJÓN INFOCENTRO DIAGONAL  AL INFOCENTRO CASA
218,PORTUGUESA,OSPINO,LA ESTACIÓN,ESCUELA ESTADAL UNITARIA SIN NUMERO,ESCUELA NACIONAL UNITARIA GUACHE DE GARABOTE,"CASERÍO GUACHE  DERECHA CARRETERA PRINCIPAL.
IZQUIERDA  CARRETERA PRINCIPAL. FRENTE CARRETERA PRINCIPAL GUACHE  DE GARABOTE CASA"
219,SUCRE,CRUZ S ACOSTA,MANICUARE,ESCUELA BASICA LA ANGOLETA,"ESCUELA
BOLIVARIANA LAGUNA CHICA","CASERÍO LAGUNA CHICA IZQUIERDA CALLE LA
ESCUELA. FRENTE CARRETERA PRINCIPAL AL LADO DE LA CASA COMUNAL EDIFICIO"
220,TACHIRA,AYACUCHO,CM. COLON,"ESCUELA BÁSICA UNITARIA NÚMERO 16
NER 09 LOS VEGONES","UNIDAD EDUCATIVA CONCENTRADA 62-
73-261 LA SAN JUANA",CASERÍO LA SAN JUANA FRENTE CARRETERA PRINCIPAL. DERECHA VEREDA TANQUE DEL INOS. IZQUIERDA CAMINO TERRENOS BALDIOS AL LADO DE LA PLANTA  DE TRATAMIENTO DE HIDROSUROESTE CASA
221,TACHIRA,AYACUCHO,CM. COLON,UNIDAD EDUCATIVA ESTADAL SAN JUAN BAUTISTA CAÑO DE GUERRA,BASE DE MISIONES CHAVEZ CORAZON DE MI PATRIA,CALLE 5 BARRIO LOS CEDROS
222,TACHIRA,AYACUCHO,RIVAS BERTI,"ESCUELA UNITARIA BOLIVARIANA  NÚMERO
267 NER 069 CAÑO ARENOSO","ESCUELA NACIONAL CONCENTRADA NÚMERO 791 S/N NER
069 MATA DE CURO","SECTOR MATA DE CURO FRENTE CARRETERA PRINCIPAL. DERECHA CAMINO TERRENOS BALDIOS. IZQUIERDA CAMINO TERRENOS BALDIOS A 20
METROS DE LA ALCABALA DEL SECTOR  CASA"
223,TACHIRA,BOLIVAR,CM. SAN ANT DEL TACHIRA,UNIDAD EDUCATIVA MUNICIPAL GRAN MARISCAL DE AYACUCHO,UNIDAD EDUCATIVA ANTONIO MARIA PEREZ DEL REAL,BARRIO OCUMARE  FRENTE CALLE 7. DERECHA CARRERA 2. IZQUIERDA CARRERA 1 A 200 METROS DEL ESTADIO CASA
224,TACHIRA,BOLIVAR,CM. SAN ANT DEL TACHIRA,ESCUELA CAYETANO REDONDO,"UNIDAD EDUCATIVA
COLEGIO DIVINO NIÑO","BARRIO MIRANDA DERECHA CALLE 5. IZQUIERDA
CALLE 4. FRENTE CARRERA 20 A 300 METROS DE LA PLAZA JUVENTUD CASA"
225,TACHIRA,BOLIVAR,CM. SAN ANT DEL TACHIRA,UNIDAD EDUCATIVA NACIONAL BOLÍVAR,"UNIDAD EDUCATIVA
COLEGIO DIVINO NIÑO","BARRIO MIRANDA DERECHA CALLE 5. IZQUIERDA
CALLE 4. FRENTE CARRERA 20 A 300 METROS DE LA PLAZA JUVENTUD CASA"
226,TACHIRA,CAPACHO NUEVO,CM. CAPACHO NUEVO,ESCUELA BOLIVARIANA ESTADO MIRANDA,ESCUELA BOLIVARIANA CERRO DE LA LAGUNA,CASERÍO ALDEA GIRALDOT  FRENTE CARRETERA PRINCIPAL  VIA CERRO DEL CRISTO. IZQUIERDA VEREDA CENTRO DIAGNOSTICO INTEGRAL CERRO DE LA LAGUNA. DERECHA CAMINO CANCHA AL LADO DE LA CANCHA DE LA COMUNIDAD CASA
227,TACHIRA,CAPACHO NUEVO,CM. CAPACHO NUEVO,ESCUELA BOLIVARIANA LA LAJA,ESCUELA BOLIVARIANA PARAMO DE LA LAJA,CASERÍO PARAMO DE LA LAJA FRENTE  CALLE PRINCIPAL DEL CASERÍO. DERECHA CAMINO TERRENOS BALDIOS. IZQUIERDA CAMINO TERRENOS BALDIOS AL LADO DEL CENTRO DE EDUCACION INICIAL  PARAMO DE LA LAJA CASA
228,TACHIRA,CAPACHO NUEVO,CM. CAPACHO NUEVO,UNIDAD EDUCATIVA ESTADAL PADRE CONTRERAS,ESCUELA BOLIVARIANA PARAMO DE LA LAJA,CASERÍO PARAMO DE LA LAJA FRENTE  CALLE PRINCIPAL DEL CASERÍO. DERECHA CAMINO TERRENOS BALDIOS. IZQUIERDA CAMINO TERRENOS BALDIOS AL LADO DEL CENTRO DE EDUCACION INICIAL  PARAMO DE LA LAJA CASA
229,TACHIRA,CARDENAS,LA FLORIDA,"ESCUELA CONCENTRADA MIXTA NACIONAL NÚMERO
2635",ESCUELA BOLIVARIANA URIBANTE,SECTOR LA FLORIDA DERECHA CALLE 3. IZQUIERDA CALLE 2. FRENTE CARRERA 5 DIAGONAL AL AMBULATORIO CASA
230,TACHIRA,JAUREGUI,CM. LA GRITA,ESCUELA BOLIVARIANA NACIONAL PADRE MAYA,UNIVERSIDAD SIMÓN RODRÍGUEZ NUCLEO LA GRITA,"URBANIZACIÓN  LA GRITA, CASCO CENTRAL IZQUIERDA AVENIDA LOS PINOS. FRENTE CARRERA
5. DERECHA PROLONGACIÓN FRANCISCO  DE CACERES DIAGONAL  AL TERMINAL DE PASAJEROS CASA"
231,TACHIRA,JAUREGUI,CM. LA GRITA,"ESCUELA BOLIVARIANA CONCENTRADA MUNICIPAL NÚMERO 16
ESTADAL S/N MESA DEL PALENQUE",UNIDAD EDUCATIVA NACIONAL JOSÉ DANIEL PARRA,CASERÍO BABUQUENA FRENTE CARRETERA PRINCIPAL DEL CASERIO. DERECHA CAMINO VIVIENDA EN CONSTRUCCIÓN. IZQUIERDA CAMINO TERRENOS BALDIOS FRENTE AL AMBULATORIO RURAL DEL CASERÍO CASA
232,TACHIRA,LOBATERA,CM. LOBATERA,UNIDAD EDUCATIVA NACIONAL JUAN BAUTISTA TREJO MORALES LLANO GRANDE,LICEO NACIONAL DON ALFONSO SUAREZ,"CASERÍO POTRERO DE LAS CASAS,  PARTE  BAJA FRENTE CALLE SECTOR  A. DERECHA CARRETERA SECTOR B. IZQUIERDA  CARRETERA VIA SECTOR LAS FLORES A 200 METROS DEL CLUB POTRERITO  CASA"
233,TACHIRA,SAN CRISTOBAL,PEDRO MARIA MORANTES,ESCUELA BOLIVARIANA JUAN ANTONIO ROMAN VALECILLOS,ESCUELA ESTADAL INTEGRAL BOLIVARIANA CECILIO ACOSTA,"SECTOR LA GUACARA  FRENTE CALLE 4. IZQUIERDA CAMINO TERRENO BALDIO DIAGONAL A LA POTERERA, BAJANDO DE LA URB. ALAMEDA EDIFICIO"
234,TACHIRA,SAN CRISTOBAL,PEDRO MARIA MORANTES,ESCUELA TÉCNICA ROBINSONIANA DE CIENCIAS  Y ARTES JUAN ANTONIO ROMAN VALECILLOS,LICEO NACIONAL TÁCHIRA,URBANIZACIÓN LAS ACACIAS  FRENTE AVENIDA FORTUNATO GOMEZ A 100 METROS DEL CENTRO COMERCIAL  EL PINAR EDIFICIO
235,TACHIRA,SAN CRISTOBAL,SN JUAN BAUTISTA,"ESCUELA MUNICIPAL ""LUISA CACERES DE ARISMENDI""",LICEO BOLIVARIANO RAMÓN JOSÉ VELAZQUEZ,"URBANIZACIÓN LOS NARANJOS FRENTE CALLE 2.
DERECHA CARRERA 5. IZQUIERDA CARRERA 6
DETRÁS DE LA CRUZ ROJA EDIFICIO"
236,TACHIRA,SAN CRISTOBAL,SN JUAN BAUTISTA,ESCUELA BOLIVARIANA TÉCNICA DE COMERCIO ALBERTO ADRIANI,ESCUELA DE BELLAS ARTES,INICIO DE LA AV. GUAYANA  FRENTE AL SUPERMERCADO  EL GARZON
237,TACHIRA,URIBANTE,CM. PREGONERO,UNIDAD EDUCATIVA COLEGIO SANTA MARIANA DE JESÚS,UNIDAD EDUCATVA LICEO BOLIVARIANO FRANCISCO DE BORJA Y MORA,"SECTOR CAPITAL IZQUIERDA  AVENIDA JOSÉ RAMÓN TORRES. FRENTE CALLE 1. DERECHA CARRERA 3
FRENTE AL ESTADIO  MUNICIPAL CASA"
238,TACHIRA,URIBANTE,CM. PREGONERO,"ESCUELA ESTADAL COMBINADA 354-24
ALDEA MESONES CASERIO PLAN DE MESAS",UNIDAD EDUCATVA NACIONAL FRUCTUOSO MARQUEZ CONTRERAS,"CASERÍO LA PERCALA, ALDEA SAN FRANCISCO DERECHA  VEREDA CAPILLA DE LA COMUNIDAD. FRENTE VEREDA FINAL ESCUELA. IZQUIERDA CAMINO TERRENOS BALDIOS A 150 METROS DE LA VIA PRINCIPAL DEL CASERIO  CASA"
239,TACHIRA,URIBANTE,CM. PREGONERO,MINISTERIO DEL PODER POPULAR PARA EL AMBIENTE AREA ADMINISTRATIVA NUMERO 06,UNIDAD EDUCATIVA ESTADAL JOSE IGNACIO CARDENAS,BARRIO POTRERITOS FRENTE CALLE VIA PRINCIPAL A PREGONERO. DERECHA CAMINO VIVIENDAS. IZQUIERDA CAMINO VIVIENDAS A 500 METROS DE LA PLAZA MIRANDA  CASA
240,TACHIRA,URIBANTE,JUAN PABLO PEÑALOZA,UNIDAD EDUCATVA CONCENTRADA AMBROSIO VIVAS,UNIDAD EDUCATIVA NACIONAL PROFESOR AMERICO ROA,SECTOR ALDEA LAGUNA DE GARCIA FRENTE VEREDA FINAL DE LA ESCUELA. DERECHA  CAMINO TERRENO BALDIO. IZQUIERDA CAMINO TERRENO BALDIO A 50 METROS DE LA PLAZA BOLIVAR E IGLESIA CATOLICA. A 100 METROS DE LA VIA PRINCIPAL AL CASERIO LA PALMA CASA
241,TACHIRA,GUASIMOS,CM. PALMIRA,ESCUELA ESTADAL CONCENTRADA NUMERO 15 (223-407) LA VICTORIA,LICEO BOLIVARIANO MONSEÑOR ANTONIO IGNACIO CAMARGO ALVAREZ,"SECTOR LOS SAUCES FRENTE CARRERA 6. DERECHA SENDERO CALLEJON. IZQUIERDA SENDERO POTRERO  SEMINARIO PROLONGACION DE LA CARRERA 6,  VIA SECTOR  LA LAGUNA  EDIFICIO"
242,TACHIRA,SUCRE,CM. QUENIQUEA,UNIDAD EDUCATIVA MONSEÑOR JUAN BAUTISTA CASTRO,UNIDAD EDUCATIVA DIGNA BERTA CHAPARRO  DE MARQUEZ,SECTOR LAS DELICIAS DE QUENIQUEA
243,TACHIRA,SUCRE,CM. QUENIQUEA,"ESCUELA BASICA CONCENTRADA 860
NER 580 PILONCITOS",CASA COMUNAL COLINAS DE QUENIQUEA,SECTOR LOS ARENALES ALDEA COLIAS DE QUENIQUEA VIA PRINCIPAL
244,TACHIRA,SUCRE,CM. QUENIQUEA,"UNIDAD EDUCATIVA CONCENTRADA  91-20
LOS BARROS",CASA COMUNAL COLINAS DE QUENIQUEA,SECTOR LOS ARENALES ALDEA COLIAS DE QUENIQUEA VIA PRINCIPAL
245,TACHIRA,SUCRE,CM. QUENIQUEA,ESCUELA BÁSICA CONCENTRACION BUENA VISTA,UNIDAD EDUCATIVA DIGNA BERTA CHAPARRO  DE MARQUEZ,SECTOR LAS DELICIAS DE QUENIQUEA
246,TACHIRA,SUCRE,CM. QUENIQUEA,"ESCUELA BASICA NACIONAL UNITARIA
1382 NER 258 RIO ARRIBA","UNIDAD EDUCATIVA CONCENTRADA 19
NER 258 EL ALTICO","SECTOR EL ALTICO,  ALDEA SANTA FILOMENA DERECHA  CARRETERA VIA AL SECTOR  LAS VEGAS. FRENTE CARRETERA VIA SAN JOSE DE BOLIVAR. IZQUIERDA CAMINO TERRENOS BALDIOS A 100
METROS DE LA CANCHA DEPORTIVA DEL SECTOR CASA"
247,TACHIRA,SUCRE,ELEAZAR LOPEZ CONTRERA,UNIDAD EDUCATIVA FÉLIX MARÍA SALCEDO ZAMBRANO NER 580,ESCULA MUNICIPAL NRO 6 LA LAGUNA,"CASERIO LA LAGUNA,  VIA PRINCIPAL A MESA DEL TIGRE"
248,TACHIRA,CAPACHO VIEJO,CM. CAPACHO VIEJO,UNIDAD EDUCATIVA COLEGIO SANTA MARIANA DE JESUS,CENTRO DE EDUCACION INICIAL BOLIVARIANA LIBERTAD,BARRIO LA PALMITA FRENTE CARRERA 2. DERECHA CAMINO CASAS. IZQUIERDA CAMINO CASAS VIA LOS TANQUES DEL INOS CASA
249,TACHIRA,CAPACHO VIEJO,CM. CAPACHO VIEJO,"ESCUELA BOLIVARIANA
SALADO NEGRO NER
141","ESCUELA
BOLIVARIANA AGUA BLANCA NER 141","AGUA BLANCA,  ALDEA BOLIVAR, VIA A SAN ANTONIO"
250,TACHIRA,CAPACHO VIEJO,CM. CAPACHO VIEJO,"CENTRO DE
EDUCACION INICIAL SIMONCITO LOS PINOS","ESCUELA DE LABORES
NOCTURNA LIBERTAD","BARRIO  EL CENTRO  CASA 2-43 FRENTE AVENIDA 3.
DERECHA  CALLE 2. IZQUIERDA CALLE 1 AL LADO DE LA ALCALDIA  CASA"
251,TACHIRA,CAPACHO VIEJO,CM. CAPACHO VIEJO,UNIDAD EDUCATIVA BOLIVARIANA CONCENTRADA  LA AGUADA,ESCUELA BOLIVARIANA AGUA BLANCA NER 141,"AGUA BLANCA,  ALDEA BOLIVAR, VIA A SAN ANTONIO"
252,TACHIRA,CAPACHO VIEJO,CIPRIANO CASTRO,"UNIDAD EDUCATIVA
1504-524
CONCENTRADA LAS JUAREZ","UNIDAD EDUCATIVA BOLIVARIANA CONCENTRADA 64
LA OVEJERA NER 526",CASERÍO  LA OVEJERA FRENTE CALLE PRINCIPAL DEL CASERIO. DERECHA CAMINO CASERIO. IZQUIERDA CAMINO CASERIO A 30 METROS DEL PUENTE VIA LOMAS BAJAS CASA
253,TACHIRA,ANTONIO ROMULO C,CM. LAS MESAS,UNIDAD EDUCATIVA NACIONAL RAMON ELIAS MONTOYA,UNIDAD EDUCATIVA NACIONAL RAMÓN ELÍAS MONTOYA,VÍA PRINCIPAL  LAS MESAS ENTRE  URBANIZACIÓN CAÑO GRANDE Y URBANIZACIÓN  SANTO CRISTO
254,TACHIRA,ANTONIO ROMULO C,CM. LAS MESAS,CENTRO DE EDUCACIÓN INICIAL MESA ALTA I,CENTRO DE EDUCACION INICIAL SIMONCITO DOÑA CONSUELO MAYORCA,VIA PRINCIPAL  EL CONTENTO URBANIZACIÓN  EL CONTENTO SECTOR LA SANCHERA  LAS MESAS
255,TACHIRA,ANTONIO ROMULO C,CM. LAS MESAS,INSTITUTO  DE EDUCACIÓN ESPECIALBOLIVARIANO LAS MESAS,UNIDAD EDUCATIVA BOLIVARIANA NANCY RAMONA RIVERA MORA,SECTOR VIRGEN DEL CARMEN CALLE 4 ENTRE CARRERAS 7 Y 8 LAS MESAS
256,TACHIRA,FCO DE MIRANDA,CM. SAN JOSE DE BOLIVAR,UNIDAD EDUCATIVA ESTADAL JUAN  PABLO  II,"E.B.N.CONC. S/N NER
258 EL SINARAL","ALDEA LA COLORADA CASERIO EL SINARAL  VIA
PRINCIPAL A PREGONERO  DESDE SAN JOSÉ DE BOLÍVAR A QUEBRADA GRANDE"
257,TACHIRA,FCO DE MIRANDA,CM. SAN JOSE DE BOLIVAR,ESCUELA BOLIVARIANA NACIONAL CONCENTRADA 801 S/N NER 258,ESCUELA BASICA BOLIVARIANA REGINA DE VELAZQUEZ,SECTOR EL CEDRO FRENTE CALLE 2. DERECHA CARRERA 4. IZQUIERDA CARRERA 5 A 150 METROS DEL TERMINAL DE PASAJEROS CASA
258,TACHIRA,FCO DE MIRANDA,CM. SAN JOSE DE BOLIVAR,ESCUELA BOLIVARIANA CONCENTRADA ESTADAL 507 SIN NUMERO 258,"UNIDAD EDUCATIVA CONCENTRADA N°
845 NER 258",CASERÍO  MESA DE SAN ANTONIO DERECHA CARRETERA VIA CASERIO CARICUENA.  IZQUIERDA CARRETERA VIA SAN JOSE DE BOLIVAR. FRENTE CARRETERA VIA PRINCIPAL FRENTE AL LICEO DEL CASERIO CASA
259,TACHIRA,FCO DE MIRANDA,CM. SAN JOSE DE BOLIVAR,CASA DE LA CULTURA,ESCUELA BASICA BOLIVARIANA REGINA DE VELAZQUEZ,SECTOR EL CEDRO FRENTE CALLE 2. DERECHA CARRERA 4. IZQUIERDA CARRERA 5 A 150 METROS DEL TERMINAL DE PASAJEROS CASA
260,TACHIRA,JOSE M. VARGAS,CM. EL COBRE,ESCUELA NACIONAL BOLIVARIANA MONSEÑOR ACEVEDO,UNIDAD EDUCATIVA FERMÍN RUIZ VALERO,"BARRIO PRESBITERO PABLO ANTONIO MORALES IZQUIERDA  CALLE RICAURTE. FRENTE CARRERA 4
VÍA SECTOR  CERRO DUQUE. DERECHA CAMINO RIO EL VALLE A DOS CUADRAS DE LA ALCALDIA  CASA"
261,TACHIRA,JOSE M. VARGAS,CM. EL COBRE,"ESCUELA NACIONAL CONCENTRADA  3138-
3183 NER 505 MESA DE AURA","ESCUELA  ESTADAL UNITARIA N° 1
ANGARABECA","CASERÍO ANGARABECA, SECTOR EL LLANITO FRENTE CARRETERA PRINCIPAL VIA MICHELENA - ZUMBADOR.  DERECHA VEREDA VIVIENDAS. IZQUIERDA VEREDA VIVIENDAS A 200 METROS DE LA CANCHA DEL CASERÍO CASA"
262,ZULIA,MARACAIBO,BOLIVAR,LICEO NACIONAL RAFAEL  ANTONIO. BELLOSO CHACIN,UNIDAD EDUCATIVA JORGE WASHINGTON,"SECTOR BELLOSO FRENTE AVENIDA 12. DERECHA CALLE 91. IZQUIERDA CALLE 90 AVENIDA 12
NUMERO 90-61, SECTOR BELLOSO CASA"
263,ZULIA,MARACAIBO,CRISTO DE ARANZA,UNIDAD EDUCATIVA NACIONAL VALERO TOLEDO,UNIDAD EDUCATIVA RAFAEL ARVELO RODRIGUEZ,"SECTOR HATICOS POR ARRIBA, AVENIDA 19, #111-33
FRENTE AVENIDA 19. IZQUIERDA  CALLE NULL. DERECHA CALLEJÓN NULL DIAGONAL  A CENTRO 99
HATICOS CASA"
264,ZULIA,MARACAIBO,CHIQUINQUIRA,UNIDAD EDUCATIVA NACIONAL RAFAEL MARIA BARALT,ESCUELA TECNICA COMERCIAL NOCTURNA FRANCISCO JOSE DUARTE,SECTOR PARAISO AV 19  EDIFICIO
265,ZULIA,MARACAIBO,CHIQUINQUIRA,"UNIDAD EDUCATIVA NACIONAL RAFAEL MARIA BARALT (ANEXO
1)",ESCUELA TECNICA COMERCIAL NOCTURNA FRANCISCO JOSE DUARTE,SECTOR PARAISO AV 19  EDIFICIO
266,ZULIA,MARACAIBO,JUANA DE AVILA,LICEO LUIS BELTRAN RAMOS,ESCUELA BASICA NACIONAL LUISA CACERES DE ARISMENDI,"URBANIZACIÓN SAN JACINTO SECTOR 5 CALLE 2
DERECHA AVENIDA 6. FRENTE CALLE 2. IZQUIERDA VEREDA 7 AV PRINCIPAL EDIFICIO"
267,ZULIA,MARACAIBO,CARACCIOLO PARRA PEREZ,ESCUELA BASICA ESTADAL DELIA HUERTA,INCE CONSTRUCCION,"BARRIO PANAMERICANO  IZQUIERDA AVENIDA 73. FRENTE CALLE 72 BARRIO PANAMERICANO  DETRAS DEL PERIFERICO LA LIMPIA AVENIDA   73  CON CALLE
72 GALPÓN"
268,ZULIA,MARACAIBO,FRANCISCO EUGENIO B,UNIDAD EDUCATIVA NACIONAL 1 DE MAYO,"COMPLEJO
DEPORTIVO HUGO CHAVEZ",BARRIO LAS TRINITARIAS 3 ETAPA
269,ZULIA,VALMORE RODRIGUEZ,LA VICTORIA,UNIDAD EDUCATIVA NACIONAL NESTOR LUIS NEGRON,FUNDACION VALMORE RODRIGUEZ,CALLE PAEZ AL LADO DE LA UNIDAD EDUCATIVA NESTOR  LUIS NEGRON DIAGONAL A LA ANTIGUA CLINICA FERREBUS
270,ZULIA,SAN FRANCISCO,FRANCISCO OCHOA,UNIDAD EDUCATIVA NACIONAL RAUL OSORIO,ESCUELA SOCIAL DE AVANZADA JOSEFA DE MORALES,"BARRIO EL MANZANILLO  CALLE 21B CON AVENIDA
5 SAN FRANCISCO DERECHA AVENIDA 16. IZQUIERDA AVENIDA PRINCIPAL. FRENTE AVENIDA 5
AL LADO DE LA UNIDAD EDUCATIVA RAUL OSORIO CASA"
271,ZULIA,SAN FRANCISCO,SAN FRANCISCO,ESCUELA BASICA NACIONAL DOCTOR JESUS MUÑOZ TEBAR,ESCUELA BASICA NACIONAL GRAN MARISCAL DE AYACUCHO,AVENIDA 5 FRENTE A LA PLAZA RAFAEL URDANETA
272,AMAZONAS,ATURES,LUIS ALBERTO GOMEZ,UPATA,CENTRO MOVIL UPATA,BARRIO UPATA IZQUIERDA  CALLE PRINCIPAL. DERECHA CAMINO TRANSVERSAL. FRENTE CAMINO TRANSVERSAL A LADO DEL MODULO BARRIO ADENTRO
273,AMAZONAS,ATURES,LUIS ALBERTO GOMEZ,COLINAS DEL TRIANGULO,UNIDAD EDUCATIVA LOS RAUDADES,"TRIANGULO DE GUAICAIPURO  AVENIDA PRINCIPAL
CON CALLE PRIMERO DE MAYO DIAGONAL AL PREESCOLAR LOS TUCANCITOS"
274,AMAZONAS,ATURES,PARHUEÑA,CEJALITO,CENTRO MOVIL EL CEJAL,SECTOR COMUNIDA CEJAL FRENTE CARRETERA NACIONAL. DERECHA SENDERO SENDERO. IZQUIERDA SENDERO SENDERO COMUNIDAD EL CEJAL CASA
275,AMAZONAS,ATURES,PARHUEÑA,MANTECAL,ESCUELA MANTRCFAL,COMUNIDAD MANTECAL. ENTRADA CARRETERA NACIONAL. CALLE PRINCIPAL.
